date,car_type,location,demand_level,competitor_price,temperature,rainfall,price
01-01-2024,Luxury,Chicago,0.779088116,59.23695809,1.379690502,8.882071138,75.76928913
02-01-2024,Economy,Chicago,0.555882149,134.1310985,1.418504571,10.63743533,141.6266325
03-01-2024,Luxury,Chicago,0.780403422,64.98975127,-2.180322174,17.47237057,83.21309992
04-01-2024,Luxury,Chicago,0.723991228,132.0745238,2.425868196,19.91137801,161.6580585
05-01-2024,Economy,Miami,0.867907237,70.72036973,21.5687754,11.65428899,96.73890556
06-01-2024,Economy,New York,0.464188383,110.7170101,30.26762447,16.24947642,106.752055
07-01-2024,Luxury,Miami,0.856616742,116.3565631,27.56502742,6.538820487,157.8512615
08-01-2024,SUV,Miami,0.724759947,96.39202285,22.40537239,6.114879149,118.0570888
09-01-2024,Luxury,Chicago,0.977795202,73.58417444,-0.582725464,8.05407442,108.7423399
10-01-2024,Luxury,Los Angeles,0.6051233,63.3908814,6.567497852,13.45014525,70.05474002
11-01-2024,Luxury,Los Angeles,0.779573136,43.650829,7.392275013,13.64383379,55.85442815
12-01-2024,Luxury,Miami,0.959216863,73.43410414,4.998277856,6.304788693,107.1562831
13-01-2024,Economy,Miami,0.461505837,111.847907,15.60022639,2.664198483,107.5424154
14-01-2024,Luxury,Chicago,0.962337092,143.21353,16.4221526,12.64792513,209.4264571
15-01-2024,SUV,Miami,0.812731433,135.832493,9.275439007,2.566517244,178.3115833
16-01-2024,Economy,Chicago,0.440702235,124.2671254,9.151566349,11.56985016,116.8983627
17-01-2024,SUV,Los Angeles,0.58057814,126.7292078,28.14222392,13.86844256,136.9408116
18-01-2024,SUV,Los Angeles,0.824903253,113.1483394,26.57171393,14.01222993,149.9106029
19-01-2024,SUV,New York,0.440410361,68.63155433,7.311833267,15.06944221,64.54182478
20-01-2024,SUV,Los Angeles,0.749302276,139.7914534,31.55153775,17.45718843,174.6417809
21-01-2024,Economy,Miami,0.607529834,113.7805543,33.11260068,9.999179839,126.0153584
22-01-2024,Economy,Los Angeles,0.772549311,101.6484694,8.069701681,14.60498379,129.3526897
23-01-2024,SUV,Chicago,0.42744522,52.20884161,9.176997952,12.38345471,48.42084061
24-01-2024,SUV,Los Angeles,0.922922084,89.17610982,15.22536614,3.732798796,126.890656
25-01-2024,Economy,New York,0.984093382,90.63940983,32.6448325,0.513792897,134.5173482
26-01-2024,Economy,Los Angeles,0.981326713,135.101997,30.05277733,5.690827714,200.1301972
27-01-2024,Economy,Chicago,0.849791099,100.1313042,-0.897281497,8.860674127,135.1563432
28-01-2024,Luxury,Chicago,0.478051744,81.84406039,10.70922973,12.34211889,80.047726
29-01-2024,Luxury,Miami,0.854957918,147.4480361,17.13484759,16.99918661,199.785884
30-01-2024,Luxury,Los Angeles,0.41475215,52.17926527,15.1252989,3.924914334,47.73109508
31-01-2024,SUV,Chicago,0.413274131,86.48032711,2.754522717,2.510995798,78.98024559
01-02-2024,Luxury,New York,0.594166131,44.62271427,29.35267085,19.26959895,48.82466265
02-02-2024,SUV,Miami,0.693185914,121.3894533,22.07763132,2.160891188,144.8401858
03-02-2024,SUV,New York,0.862244451,140.9884207,28.51633499,9.569821402,192.0606938
04-02-2024,Luxury,Los Angeles,0.809977226,70.80410625,29.35057117,11.71127458,92.75176669
05-02-2024,SUV,Los Angeles,0.667541624,134.4175844,24.93423415,10.82748842,156.9381248
06-02-2024,Luxury,Los Angeles,0.564176,72.14400535,12.56842405,1.720643141,76.77391902
07-02-2024,Luxury,Miami,0.9982747,140.1847178,19.4218702,1.14053828,210.035216
08-02-2024,Economy,Chicago,0.655708781,122.9358094,1.414616245,2.109668549,142.0779945
09-02-2024,Luxury,Miami,0.670832215,128.5397455,21.9458167,11.71175368,150.4984748
10-02-2024,Economy,New York,0.498174293,41.98072112,2.17013023,10.88689775,41.90407661
11-02-2024,Luxury,Miami,0.876885729,145.9091393,22.75798362,4.674815841,200.9002116
12-02-2024,Luxury,New York,0.816209335,119.9338091,4.18392643,12.75548284,157.8579992
13-02-2024,Economy,Miami,0.532461768,73.52262049,-0.297947994,16.40135004,75.90929472
14-02-2024,Economy,Chicago,0.449428627,131.2334131,1.611379606,0.831579197,124.5967593
15-02-2024,Luxury,New York,0.808299581,70.96733183,-4.920314591,9.962598871,92.84653051
16-02-2024,SUV,Los Angeles,0.792706729,136.0029224,23.74958471,13.78620824,175.8118928
17-02-2024,Economy,Los Angeles,0.563955716,52.38384295,24.29604196,5.046238541,55.73408914
18-02-2024,SUV,Miami,0.970518137,117.4054575,15.597334,6.155418106,172.6468547
19-02-2024,SUV,Los Angeles,0.490634735,99.47683243,1.454512042,12.27275806,98.54520554
20-02-2024,SUV,New York,0.659400881,50.61879172,-1.6578265,17.95870587,58.6874717
21-02-2024,Economy,Los Angeles,0.966169552,66.60832111,-4.234841343,16.19848841,97.65909233
22-02-2024,SUV,Chicago,0.65183639,41.36444399,1.629927079,11.66260438,47.64507185
23-02-2024,Economy,Chicago,0.783115569,91.5644762,30.6342214,14.60443436,117.4878049
24-02-2024,SUV,Miami,0.638556639,73.13917868,4.661473668,7.296449404,83.27309744
25-02-2024,Luxury,New York,0.564529121,105.8193233,9.170853089,12.81931056,112.6477512
26-02-2024,Luxury,Chicago,0.990386589,72.69615885,-0.786180621,9.323631823,108.3453802
27-02-2024,Economy,Chicago,0.645600404,72.99110227,3.89445219,3.798722729,83.61863623
28-02-2024,Luxury,New York,0.936459522,121.7512519,15.76898283,14.03476548,174.8907451
29-02-2024,Luxury,Los Angeles,0.537972764,45.29571196,19.31010732,11.12929275,47.01571532
01-03-2024,SUV,Los Angeles,0.527862822,139.3184495,4.814092567,7.172431639,143.2002547
02-03-2024,Economy,Miami,0.41868045,133.7490262,-2.690713631,18.2267838,122.8726155
03-03-2024,SUV,Los Angeles,0.791000095,113.4585152,10.64131477,0.418682357,146.4749539
04-03-2024,SUV,New York,0.621115806,105.2543727,4.368134837,6.315463025,118.0023409
05-03-2024,SUV,Chicago,0.91861495,138.1532748,3.782156929,1.137627956,195.986301
06-03-2024,SUV,Los Angeles,0.683925944,60.38631975,33.39451211,15.33054632,71.49293061
07-03-2024,SUV,Miami,0.980916057,48.68660784,19.65201944,14.04214908,72.1007793
08-03-2024,SUV,Los Angeles,0.511315309,66.34611869,17.27513773,6.627044375,67.09684555
09-03-2024,SUV,New York,0.921173901,127.4036107,11.63100414,13.51325804,181.0626863
10-03-2024,Economy,Miami,0.865958112,43.81372934,12.15777334,7.918744524,59.84771899
11-03-2024,Luxury,Los Angeles,0.862553107,104.1087519,16.63620015,15.12507583,141.8537033
12-03-2024,SUV,Miami,0.906869937,149.4981268,22.85719228,9.083673255,210.3244202
13-03-2024,SUV,New York,0.856614395,134.1265703,23.08584385,8.245594557,181.958036
14-03-2024,SUV,Chicago,0.775732193,97.35902579,1.867756308,18.69459831,124.2040435
15-03-2024,SUV,New York,0.478746927,47.00050002,15.00451008,5.017581998,46.00159495
16-03-2024,SUV,New York,0.419515708,131.4510866,11.4783238,2.4089468,120.8713389
17-03-2024,SUV,New York,0.952508709,105.8876359,29.82107865,11.69086227,153.8027133
18-03-2024,Luxury,New York,0.769990189,52.64262968,20.25675685,19.38643625,66.8556232
19-03-2024,Luxury,Chicago,0.877922375,50.32430133,16.30016266,7.556784275,69.34298079
20-03-2024,SUV,Chicago,0.688913411,140.0589501,-0.384214313,1.240735273,166.5179641
21-03-2024,Luxury,Miami,0.470384913,113.6120289,19.22551557,6.786105346,110.2473988
22-03-2024,Economy,Los Angeles,0.475111475,131.2215479,-0.311843773,10.11863309,127.9556372
23-03-2024,SUV,Chicago,0.811339172,136.687679,8.488263023,3.238460133,179.2439079
24-03-2024,Economy,Chicago,0.658183537,102.8949587,0.713678593,13.16204436,119.1712472
25-03-2024,Economy,Los Angeles,0.520314836,96.91909869,22.68294588,19.95498778,98.88799429
26-03-2024,SUV,Chicago,0.694956728,87.34701514,3.250084553,9.03478952,104.3759034
27-03-2024,Luxury,New York,0.438525362,74.86412466,10.67437493,7.094571135,70.26187971
28-03-2024,Economy,New York,0.749182841,87.80555569,30.8269911,8.014083337,109.6851935
29-03-2024,SUV,Los Angeles,0.561396043,125.1267621,3.172655336,2.302923568,132.8090502
30-03-2024,Economy,Miami,0.87853546,106.2115774,15.31220256,17.66547203,146.4164258
31-03-2024,Economy,Miami,0.586217175,138.1775619,11.77086645,8.29651311,150.090841
01-04-2024,Economy,Los Angeles,0.673132089,88.77180158,-4.275038358,7.745488228,104.1410491
02-04-2024,Economy,Los Angeles,0.406972324,106.7798537,26.71032454,13.19380546,96.84637202
03-04-2024,Luxury,New York,0.443468133,109.4438308,-2.238163747,8.840668419,103.2567667
04-04-2024,Economy,Miami,0.635496134,105.0866879,13.97020084,12.96466938,119.3255278
05-04-2024,Economy,Chicago,0.687963301,117.289715,17.4271318,1.228925803,139.335877
06-04-2024,Economy,New York,0.760012329,66.11768152,20.13705826,16.27446687,83.30909387
07-04-2024,Luxury,Los Angeles,0.574997547,96.36001553,22.54526517,18.81007906,103.5867803
08-04-2024,Economy,Miami,0.816989132,51.46472831,5.130895341,12.97530772,67.77848785
09-04-2024,Economy,Chicago,0.916073438,82.29624604,-4.600848934,19.09131858,116.5375281
10-04-2024,Luxury,Chicago,0.867910593,93.64337755,23.93774649,3.028646287,128.0957681
11-04-2024,Luxury,New York,0.423771295,111.7446686,16.42626397,9.54832379,103.2265172
12-04-2024,Luxury,Miami,0.688304168,144.5584158,28.44470813,12.03613468,171.779368
13-04-2024,Economy,Miami,0.462958107,106.0716173,27.85553452,11.63473295,102.1425238
14-04-2024,Luxury,Los Angeles,0.54522701,121.7953308,28.73304671,8.029235582,127.3037694
15-04-2024,Luxury,Miami,0.991997556,95.68926654,14.4037864,6.761688187,142.7681518
16-04-2024,Economy,Miami,0.485497326,109.7514435,8.345135833,2.536480451,108.159754
17-04-2024,Luxury,New York,0.699332892,47.80254377,26.6623281,7.834849011,57.33116307
18-04-2024,Economy,Miami,0.770893441,67.98307389,13.05176452,3.253216302,86.39924268
19-04-2024,SUV,Chicago,0.821478982,79.80384025,2.337687856,14.68731353,105.4590976
20-04-2024,Luxury,New York,0.73578921,91.97426905,29.19896078,4.17661871,113.6608093
21-04-2024,SUV,New York,0.405862508,45.02136201,30.30239507,1.171306106,40.78316392
22-04-2024,Economy,Los Angeles,0.595876785,55.40265073,13.65239025,11.04732276,60.71447876
23-04-2024,Luxury,Miami,0.710626986,70.44957386,-1.972010908,11.90459465,85.28815527
24-04-2024,Economy,Los Angeles,0.452719899,146.868596,10.5130436,17.43826123,139.924634
25-04-2024,SUV,Chicago,0.610376159,76.44817078,27.14150638,11.53963225,84.88622621
26-04-2024,Economy,New York,0.419921865,93.02451639,31.07096114,6.909617074,85.57528664
27-04-2024,Luxury,New York,0.447147098,61.5707484,3.1389097,16.06023763,58.31655569
28-04-2024,Luxury,New York,0.638153966,107.1858078,-2.321055519,10.80557786,121.9939522
29-04-2024,SUV,Chicago,0.479629452,70.87515371,30.09401813,1.585605693,69.43138802
30-04-2024,Economy,Chicago,0.740524509,62.76918363,10.57619756,11.31701121,77.8667107
01-05-2024,Luxury,Los Angeles,0.813678981,96.82298913,16.67043857,18.16037091,127.1943257
02-05-2024,SUV,Los Angeles,0.880352019,40.60563791,33.72263248,7.92625251,56.05007429
03-05-2024,Luxury,Los Angeles,0.520090147,40.84304359,-2.337410883,5.926516038,41.66358632
04-05-2024,Luxury,Miami,0.500489549,64.097569,20.9327203,2.86938914,64.12894792
05-05-2024,Economy,New York,0.462740704,44.03934988,-2.035783097,3.028910439,42.39847471
06-05-2024,Luxury,New York,0.78185815,51.88283295,10.01875714,8.655429687,66.50643225
07-05-2024,Economy,Los Angeles,0.823885436,77.27467143,27.15258181,11.91359648,102.3028121
08-05-2024,Luxury,New York,0.418951687,128.2844248,12.33888931,1.612308103,117.8871885
09-05-2024,SUV,Los Angeles,0.961727348,102.9253508,34.88729416,18.79137178,150.4488
10-05-2024,Luxury,Miami,0.43118277,96.39344986,17.3623714,15.10267235,89.75991966
11-05-2024,Economy,Miami,0.724777801,72.28377055,7.846486105,11.73247837,88.53155756
12-05-2024,Economy,Chicago,0.825436312,142.4929091,3.804453036,16.56877342,188.8652759
13-05-2024,SUV,Miami,0.922581474,83.67165454,9.020821371,1.603735136,119.0297457
14-05-2024,Luxury,Los Angeles,0.828452159,49.58020435,9.90133095,9.536777555,65.86492952
15-05-2024,Luxury,Miami,0.88103685,107.8773168,-2.251452891,12.60186254,148.9825497
16-05-2024,SUV,Chicago,0.603670116,52.52222328,9.782967977,16.57305812,57.96720824
17-05-2024,Luxury,New York,0.888895068,77.97454571,13.56954079,15.6693912,108.298462
18-05-2024,Luxury,Los Angeles,0.448068908,95.81531326,23.90951009,5.541384994,90.83951939
19-05-2024,Economy,New York,0.936889994,136.1644777,21.26917939,18.81760339,195.6533755
20-05-2024,Luxury,Chicago,0.728555426,94.29012384,23.35062621,2.486916829,115.8406432
21-05-2024,Luxury,Chicago,0.890378662,117.2484643,-4.665452725,17.50267237,163.0197629
22-05-2024,SUV,Chicago,0.671390971,149.2098523,3.706695983,19.41880499,174.7830737
23-05-2024,SUV,New York,0.786146617,54.46380319,21.46737154,3.543070464,70.04843623
24-05-2024,Economy,New York,0.715841597,70.22046781,14.35957473,14.44132128,85.37696569
25-05-2024,Luxury,New York,0.838953713,83.40336832,-4.787460973,0.805710376,111.6732497
26-05-2024,Luxury,New York,0.448977989,86.40109964,27.1797857,8.108456503,81.9927418
27-05-2024,Luxury,Chicago,0.43621125,85.21231828,25.91238293,10.32566598,79.77673105
28-05-2024,Economy,Chicago,0.54826194,139.8372103,16.93676652,11.61290452,146.5860254
29-05-2024,Economy,Los Angeles,0.495726808,118.5435909,-2.341466969,18.71874496,118.0370314
30-05-2024,SUV,Los Angeles,0.92307014,106.8695735,25.66060198,13.44501375,152.082899
31-05-2024,Economy,New York,0.531528392,74.03099896,18.34854351,9.625559024,76.36507735
01-06-2024,Luxury,Miami,0.985519153,130.6169423,26.27839909,16.19350073,194.0339695
02-06-2024,Luxury,Miami,0.602137475,145.0566563,25.0698797,19.01065642,159.8723769
03-06-2024,Economy,Chicago,0.509270749,130.3318111,27.12008288,0.441322974,131.5400846
04-06-2024,Luxury,Chicago,0.873819104,40.17216157,15.72032266,19.65042545,55.18928303
05-06-2024,Luxury,Chicago,0.795224665,110.0041507,0.612980728,1.722642781,142.4800893
06-06-2024,Economy,Los Angeles,0.69891743,45.62489196,21.84629894,16.28773559,54.70047821
07-06-2024,Economy,Los Angeles,0.733218131,68.33679424,19.8189514,5.606695051,84.27417364
08-06-2024,Luxury,Chicago,0.831521067,46.54771704,24.69012749,2.643593155,61.97926586
09-06-2024,Luxury,Chicago,0.537072845,106.4174998,1.795240242,8.797112794,110.3626993
10-06-2024,Luxury,Chicago,0.99780035,115.5248905,2.799007996,12.87913159,173.0332214
11-06-2024,SUV,Miami,0.984875897,52.59364019,30.61638069,7.6190369,78.09502866
12-06-2024,SUV,Los Angeles,0.790195412,82.22227713,24.99911194,1.091308166,106.0828047
13-06-2024,SUV,Miami,0.519725471,90.18601599,31.32913955,11.98922279,91.96497759
14-06-2024,Economy,Miami,0.808136945,80.59583239,25.34861285,18.04806552,105.430386
15-06-2024,SUV,Chicago,0.443319045,53.31275005,18.88621224,7.664307319,50.29093249
16-06-2024,Economy,Chicago,0.418391501,86.08425692,21.16530948,4.326655553,79.05904995
17-06-2024,Economy,New York,0.554609733,122.6295853,30.56511696,8.851546919,129.3263542
18-06-2024,SUV,New York,0.677573774,47.8108431,18.15227018,0.967254221,56.30079495
19-06-2024,SUV,Miami,0.920963503,48.81980155,20.29565297,16.40975169,69.37115624
20-06-2024,SUV,Los Angeles,0.836301442,79.0248421,1.25906864,16.52681622,105.6010104
21-06-2024,Luxury,Chicago,0.845623913,143.5898283,13.9568488,11.76000927,193.2179066
22-06-2024,SUV,Chicago,0.655296001,113.5429911,23.65588448,7.062057779,131.1757636
23-06-2024,Luxury,Miami,0.607560996,114.6536952,5.837707933,15.99566729,126.9859608
24-06-2024,Economy,New York,0.622623258,79.81119899,3.090167221,11.0937405,89.59790822
25-06-2024,Luxury,Los Angeles,0.992589738,105.302687,7.553072329,16.51864617,157.1737101
26-06-2024,SUV,New York,0.424065515,41.11443024,4.66002512,12.62917585,37.99242715
27-06-2024,Economy,New York,0.920218898,109.9705651,3.596505481,15.68810946,156.1822748
28-06-2024,Economy,New York,0.747205245,140.4615642,11.99403371,11.97125986,175.1843997
29-06-2024,Economy,New York,0.663169252,107.3830815,31.31354056,8.282821364,124.9046986
30-06-2024,Luxury,Chicago,0.835154596,136.1068453,15.28238587,19.1589172,181.7236801
01-07-2024,SUV,Chicago,0.692001365,119.6370361,2.516815233,10.8222765,142.6075103
02-07-2024,Economy,New York,0.924053943,53.2614258,-1.921133225,12.10179037,75.84714342
03-07-2024,Economy,Los Angeles,0.940421118,139.2698638,22.84624581,4.409752788,200.607253
04-07-2024,Economy,Miami,0.653032556,47.30882288,10.31195058,12.51301579,54.54861297
05-07-2024,Luxury,Los Angeles,0.566096678,98.73642198,27.87323786,11.43215299,105.2625715
06-07-2024,Luxury,Los Angeles,0.755410197,55.63508362,21.38043075,3.696767959,69.84485129
07-07-2024,SUV,Los Angeles,0.947418007,41.28772718,26.84965802,1.191741947,59.7605998
08-07-2024,Luxury,New York,0.526397313,86.42376861,5.877841577,12.08718639,88.70512392
09-07-2024,Economy,Chicago,0.77377995,72.45447784,22.6943569,15.27384539,92.29106117
10-07-2024,SUV,Los Angeles,0.778936132,93.46005432,5.562479388,10.46802742,119.5294404
11-07-2024,Economy,New York,0.839867813,103.4919875,32.56273918,4.535452506,138.6655831
12-07-2024,Economy,Los Angeles,0.478940611,44.81129795,20.45497126,13.33043953,43.8675994
13-07-2024,Luxury,Los Angeles,0.829494979,53.53036246,7.980472007,1.602114532,71.16834811
14-07-2024,SUV,New York,0.945419512,101.4506636,5.780474492,8.836674096,146.6387687
15-07-2024,Luxury,Chicago,0.507809865,77.74840885,2.637063403,3.267335168,78.35561345
16-07-2024,Luxury,Chicago,0.542525995,120.2090836,22.78563836,3.689181021,125.3210945
17-07-2024,SUV,Miami,0.982837056,111.7520813,3.74862452,4.045878983,165.7101274
18-07-2024,Economy,New York,0.508586172,133.0164799,18.81213064,7.734141141,134.1585823
19-07-2024,Economy,Miami,0.912631056,116.1742109,5.585401077,1.023004112,164.1112983
20-07-2024,SUV,Miami,0.695366714,87.29241851,21.47875779,7.955868819,104.3464515
21-07-2024,Economy,Miami,0.548338645,114.0263285,27.59758914,10.23414894,119.5382066
22-07-2024,SUV,Chicago,0.922449941,70.29192917,26.12100973,9.665885699,99.98675048
23-07-2024,SUV,New York,0.667183153,73.69448487,25.43405324,7.655682008,86.0149612
24-07-2024,Luxury,Miami,0.708890412,126.7883676,2.508896228,16.78293216,153.273242
25-07-2024,SUV,New York,0.615540022,89.1061468,-1.464602121,2.906533848,99.40147293
26-07-2024,Luxury,New York,0.755770511,127.8218375,22.95795314,10.11393488,160.5148941
27-07-2024,Economy,Chicago,0.498114324,130.4664611,9.733888552,1.240828339,130.2204436
28-07-2024,Economy,Miami,0.634648922,134.3318571,12.29384906,1.423113578,152.4194969
29-07-2024,Economy,Miami,0.981647393,140.8298759,-3.754036288,11.47731699,208.6602186
30-07-2024,Economy,New York,0.55488006,87.40837426,5.383057971,11.3203685,92.20535105
31-07-2024,Luxury,Los Angeles,0.794041999,75.07535002,-3.652943845,17.56067026,97.15065599
01-08-2024,Economy,Chicago,0.595114039,104.0418621,30.1674309,11.15747351,113.9377038
02-08-2024,SUV,Chicago,0.864083875,80.82896658,4.735867329,19.19582041,110.25749
03-08-2024,SUV,Chicago,0.478524196,106.1181583,17.29348678,0.973896968,103.8391856
04-08-2024,SUV,Chicago,0.981892627,117.6144449,-3.440827174,1.960153696,174.2919787
05-08-2024,Luxury,Miami,0.672273725,115.724552,21.67389565,0.881317231,135.6608517
06-08-2024,Economy,Miami,0.541630278,81.20081757,7.92109383,3.705537007,84.58123018
07-08-2024,Economy,Los Angeles,0.444098048,58.35462219,30.91676748,10.82540222,55.09248492
08-08-2024,Economy,Chicago,0.501854743,87.35822723,30.52472756,12.91144363,87.5202543
09-08-2024,Luxury,Chicago,0.711864369,55.68535585,8.011624734,0.911703159,67.48309864
10-08-2024,SUV,New York,0.602201906,137.9106739,31.03843583,18.9194178,152.0054076
11-08-2024,SUV,Miami,0.89733002,78.04652068,34.84630694,16.84330753,109.0567463
12-08-2024,Economy,Chicago,0.658532514,56.99057219,28.01662656,5.932249643,66.02543089
13-08-2024,SUV,Los Angeles,0.549228564,42.79925359,28.79485391,1.543750605,44.90619936
14-08-2024,SUV,Los Angeles,0.770286992,111.0404625,4.960349444,3.397741464,141.0532551
15-08-2024,Luxury,Miami,0.82406633,110.0592549,18.06809595,2.538888275,145.7257538
16-08-2024,Luxury,Los Angeles,0.500225145,77.46645832,-2.309763441,2.465675586,77.48389949
17-08-2024,Luxury,Los Angeles,0.50057153,47.88830777,-1.203282527,10.37123377,47.91567737
18-08-2024,Luxury,Miami,0.422002856,85.05917844,34.95570448,4.91694885,78.42480546
19-08-2024,Economy,Chicago,0.841841209,74.23392446,8.065569977,7.162794331,99.61013895
20-08-2024,Luxury,Chicago,0.798282717,114.4832704,24.92735648,19.79010667,148.6316513
21-08-2024,SUV,Los Angeles,0.684778525,106.6357174,27.26660212,13.68628498,126.3397081
22-08-2024,Economy,Los Angeles,0.906502269,80.1053101,29.32093084,18.97961334,112.6683004
23-08-2024,SUV,Chicago,0.883402092,63.96818097,34.9051319,2.851131101,88.49371536
24-08-2024,SUV,Miami,0.751212619,148.6839563,4.65985941,7.642789497,186.0352423
25-08-2024,SUV,Los Angeles,0.920962768,89.94017833,-3.385966926,11.09463607,127.8016448
26-08-2024,Luxury,New York,0.523504726,115.7101659,11.44766072,1.535161238,118.4299017
27-08-2024,Luxury,Miami,0.467151772,55.46082643,0.203226793,0.083748873,53.63903654
28-08-2024,Economy,Los Angeles,0.561849767,93.41486696,-4.102964434,13.40868668,99.19255471
29-08-2024,Economy,Los Angeles,0.434252114,43.02903919,9.417073086,12.83639034,40.19997081
30-08-2024,Luxury,New York,0.718701717,95.60006297,26.34953004,8.2157762,116.5079609
31-08-2024,SUV,New York,0.961963415,146.0419148,17.64722765,9.792881521,213.5079365
01-09-2024,Economy,Chicago,0.423606124,82.26273843,7.511119568,8.308860012,75.97836902
02-09-2024,Luxury,Miami,0.473265948,44.28956138,21.17368022,0.480100897,43.10552196
03-09-2024,Luxury,Miami,0.671319417,43.405137,4.280727212,6.707432124,50.84127977
04-09-2024,Luxury,Chicago,0.960325011,82.67854359,-4.424742157,3.541645108,120.737545
05-09-2024,SUV,Miami,0.589693663,57.60274301,25.57413546,1.968483782,62.76934403
06-09-2024,Luxury,Miami,0.704340885,42.5687306,19.94972339,19.13440868,51.26726269
07-09-2024,Luxury,Miami,0.424943715,123.1834975,25.49210498,11.9871945,113.9378019
08-09-2024,Luxury,Miami,0.489005921,90.43753098,-3.442479332,14.57312568,89.44325358
09-09-2024,Luxury,Miami,0.991978074,71.81692492,28.48478511,6.307274865,107.1492773
10-09-2024,Economy,New York,0.979071218,139.0091501,19.781048,7.86294259,205.604433
11-09-2024,Economy,Miami,0.402963989,52.77528562,17.53581403,4.738479878,47.6541824
12-09-2024,Luxury,New York,0.971087071,145.1510712,19.98456192,1.939313419,213.5298642
13-09-2024,SUV,Miami,0.783471963,74.53633891,29.57732987,3.580632749,95.66530119
14-09-2024,Economy,Chicago,0.920750977,137.724404,18.47746026,15.95028091,195.6720814
15-09-2024,Luxury,Los Angeles,0.672843913,106.3237164,18.2380152,13.5509161,124.7011236
16-09-2024,Economy,New York,0.709357617,130.9378096,34.62716628,10.93857752,158.3506374
17-09-2024,Economy,Miami,0.693307948,148.241448,25.26920668,9.501797457,176.8976981
18-09-2024,SUV,Chicago,0.800118555,71.72459816,12.69175222,18.44868567,93.25048088
19-09-2024,Luxury,Los Angeles,0.483790753,145.7249034,23.29588,1.454698956,143.3628124
20-09-2024,Luxury,New York,0.417984154,82.84300844,10.56921887,5.612016265,76.04856901
21-09-2024,SUV,Los Angeles,0.584757965,82.40630952,4.155018499,6.998757071,89.39090062
22-09-2024,SUV,Chicago,0.822808458,77.44258147,18.87407508,15.64851624,102.4417017
23-09-2024,Luxury,New York,0.521112071,99.55483681,32.12728392,19.8502924,101.6566456
24-09-2024,Luxury,Los Angeles,0.80405946,56.95595475,32.1655808,4.813410295,74.27395159
25-09-2024,SUV,Miami,0.981947228,100.9082634,8.676211124,17.48614668,149.5407212
26-09-2024,Economy,New York,0.456340429,99.58752937,16.10709865,16.61245521,95.2395806
27-09-2024,Economy,Los Angeles,0.803561271,123.8091994,3.465435943,4.493147953,161.3928773
28-09-2024,SUV,Chicago,0.666250132,131.7014958,34.82524438,7.986651604,153.5968868
29-09-2024,Economy,Chicago,0.920885353,88.44854853,34.24471631,8.193457386,125.6752471
30-09-2024,SUV,New York,0.506289874,73.25665743,20.98035719,19.56441337,73.71743255
01-10-2024,Economy,Los Angeles,0.815575571,68.5268387,27.17656239,3.617838028,90.15223498
02-10-2024,Economy,New York,0.902869174,61.40862204,23.60400645,15.98315942,86.14826286
03-10-2024,Luxury,New York,0.966768532,46.34123404,18.72632876,6.683854283,67.97186381
04-10-2024,Luxury,Los Angeles,0.809948817,77.66927767,-2.86608012,14.61740692,101.7427784
05-10-2024,Economy,Los Angeles,0.698304858,69.72724613,13.1905737,8.400220086,83.55449781
06-10-2024,Economy,Miami,0.770708344,146.3059124,21.99145209,11.56719526,185.9121437
07-10-2024,Luxury,Los Angeles,0.921342991,101.3479709,22.10126456,16.65223547,144.050228
08-10-2024,Luxury,Chicago,0.742365848,78.20047429,9.924904737,16.0833113,97.15359856
09-10-2024,Luxury,New York,0.418232236,103.8514361,32.66767947,17.32846367,95.35973637
10-10-2024,SUV,New York,0.958569217,55.31163715,1.694281289,1.192346507,80.6758513
11-10-2024,Economy,Chicago,0.813716051,88.84481241,15.01437785,13.84101106,116.7168561
12-10-2024,Luxury,Los Angeles,0.805908031,108.8857754,22.63535906,2.799747534,142.1948086
13-10-2024,Economy,Chicago,0.529405091,93.7787615,22.88543224,8.31637136,96.53633455
14-10-2024,SUV,Chicago,0.795331282,84.19566807,20.94555827,10.9717683,109.0612827
15-10-2024,SUV,Miami,0.636318643,149.3233228,6.011528538,8.054789695,169.6788756
16-10-2024,Luxury,Chicago,0.790739786,136.8346238,1.248262747,10.39223352,176.6178931
17-10-2024,SUV,New York,0.463955818,108.5746554,20.43761307,19.93052618,104.6611708
18-10-2024,Economy,Chicago,0.794707183,102.6315097,18.97208465,2.704346274,132.8777528
19-10-2024,Luxury,New York,0.999648235,108.2726528,2.174240412,13.50912091,162.3708927
20-10-2024,Economy,New York,0.428927223,62.14433186,23.20556582,7.920019328,57.72756164
21-10-2024,Economy,New York,0.986304511,83.46515176,13.20687967,2.660195978,124.0546315
22-10-2024,SUV,Los Angeles,0.644144776,44.34054862,21.71042366,3.174735267,50.73200709
23-10-2024,SUV,Miami,0.92245207,92.31006412,28.49468319,18.98546212,131.3066418
24-10-2024,SUV,New York,0.86943129,99.73270424,1.789137143,17.59202993,136.5770859
25-10-2024,SUV,New York,0.740209757,65.05247097,-4.23420528,18.14083921,80.67870919
26-10-2024,SUV,Los Angeles,0.843069526,146.0431732,26.16410346,19.83065552,196.1461353
27-10-2024,Luxury,New York,0.927109337,140.0400072,19.38789701,4.1663078,199.8524018
28-10-2024,Economy,Chicago,0.642484193,119.4357559,22.98558278,7.108786747,136.4534632
29-10-2024,Economy,Chicago,0.596219897,98.67252916,28.526199,13.3843806,108.1667898
30-10-2024,Economy,Miami,0.800556031,135.6966076,27.11243739,9.676050797,176.4810414
31-10-2024,Economy,New York,0.884707565,54.37175782,33.43680588,8.367790668,75.28898439
01-11-2024,SUV,Los Angeles,0.857371081,126.9560774,16.43740315,7.156224987,172.326508
02-11-2024,Economy,Chicago,0.878688189,53.73028954,14.53982531,11.87561264,74.07731559
03-11-2024,Luxury,Los Angeles,0.661349989,127.3631729,11.075488,11.51186857,147.9132194
04-11-2024,Luxury,Los Angeles,0.89070053,70.33443251,1.147641714,3.229156681,97.81413254
05-11-2024,Economy,Chicago,0.472125433,136.4799639,17.90428932,9.43479675,132.675644
06-11-2024,Economy,Los Angeles,0.726693459,143.8446303,6.080500973,11.06943552,176.4532671
07-11-2024,Luxury,Chicago,0.403455196,56.36755663,31.85230049,11.40573877,50.92556194
08-11-2024,Luxury,Los Angeles,0.594751498,90.89431656,18.32763217,4.202143858,99.50668921
09-11-2024,SUV,Chicago,0.619876921,147.9086116,18.71360722,14.84542785,165.6394405
10-11-2024,Luxury,New York,0.637703615,93.17481796,9.196986435,0.503981896,106.0053272
11-11-2024,SUV,Miami,0.817280324,134.9902275,-2.920425921,7.096637111,177.8199706
12-11-2024,SUV,Chicago,0.633134861,104.7604674,-3.730249385,15.60425297,118.7077377
13-11-2024,SUV,Chicago,0.669216174,81.28628987,11.93340577,11.27785842,95.04124481
14-11-2024,SUV,Miami,0.542526479,71.43619111,-1.617384876,5.22324865,74.47412075
15-11-2024,SUV,Chicago,0.623951075,62.35454002,19.27387822,13.89906239,70.08345228
16-11-2024,Economy,Chicago,0.536361776,123.7978011,30.23892023,11.34781888,128.299309
17-11-2024,Luxury,Los Angeles,0.443917554,82.51945575,30.31659266,15.92487219,77.89156285
18-11-2024,SUV,Miami,0.762069156,96.24030084,21.36181641,14.70050372,121.4619153
19-11-2024,Luxury,New York,0.800927679,94.1558028,3.449273259,12.20215844,122.48989
20-11-2024,Luxury,Chicago,0.771694208,103.5006932,29.51987325,9.763553506,131.621232
21-11-2024,SUV,Miami,0.678096426,135.213486,30.44373741,2.663642513,159.2945247
22-11-2024,Economy,Los Angeles,0.627871468,147.8813278,2.866143398,5.226660358,166.7911303
23-11-2024,SUV,New York,0.91800019,84.83426294,24.49704343,8.381989458,120.295001
24-11-2024,Economy,Miami,0.711449071,131.0270814,6.460781957,11.98598574,158.7326361
25-11-2024,Luxury,New York,0.687509127,124.0980574,27.10561249,10.2741571,147.3675758
26-11-2024,Economy,New York,0.415385239,103.0881847,34.889516,5.763690519,94.3654026
27-11-2024,Economy,New York,0.604748697,145.1651858,-3.798959787,0.129287156,160.3710498
28-11-2024,Economy,Chicago,0.628117371,62.05219671,30.89463463,9.924784438,70.00216103
29-11-2024,Luxury,Chicago,0.639293669,52.01906313,19.90522134,5.712519771,59.26498927
30-11-2024,Luxury,Los Angeles,0.748103422,133.9358164,33.93530477,14.69216601,167.1657507
01-12-2024,Economy,Los Angeles,0.720161528,88.30647983,13.6003807,0.478925305,107.7481694
02-12-2024,Economy,Miami,0.764743056,133.166574,28.89551722,11.69655623,168.4214997
03-12-2024,SUV,Los Angeles,0.858929957,138.2399226,-2.504237256,18.82948475,187.858372
04-12-2024,Economy,New York,0.887791443,46.8703353,8.411162003,3.488185342,65.04625027
05-12-2024,SUV,New York,0.830873846,137.1811239,-2.31933849,9.432989815,182.57077
06-12-2024,Economy,Chicago,0.973314218,89.31509609,34.01372534,1.828439836,131.5892009
07-12-2024,SUV,New York,0.41093955,96.14757379,27.67895629,12.51363825,87.58462756
08-12-2024,Luxury,Miami,0.517466791,108.9251762,29.10189685,11.01063361,110.8277496
09-12-2024,Economy,New York,0.404537725,141.9020867,32.51860926,8.147310484,128.3557907
10-12-2024,Economy,New York,0.788484828,42.10277039,-1.595860555,10.42754043,54.24878088
11-12-2024,Economy,Miami,0.938818329,92.45278151,10.4239037,17.93149317,133.0227566
12-12-2024,Economy,Los Angeles,0.546089378,115.6494247,-2.158604438,3.925886046,120.9796347
13-12-2024,SUV,Los Angeles,0.956220727,119.4977653,3.431724062,0.451290234,174.0151227
14-12-2024,Economy,Miami,0.436160434,116.1785675,4.174631082,17.23329769,108.7617782
15-12-2024,Luxury,Chicago,0.960661616,54.78786423,13.76428844,11.54234165,80.02653032
16-12-2024,Luxury,New York,0.610973612,72.93351472,5.742486698,17.81316911,81.02721031
17-12-2024,Economy,Miami,0.460852497,79.4587078,-0.960875727,11.93890447,76.3480978
18-12-2024,Luxury,New York,0.691523056,128.4880928,1.699643564,16.2032218,153.096525
19-12-2024,Economy,Chicago,0.554065941,70.66358597,0.891022542,8.593467267,74.48407921
20-12-2024,Economy,New York,0.570923741,63.17754603,33.92307192,14.99719863,67.65833395
21-12-2024,Luxury,Miami,0.584373979,145.3192821,25.37170028,18.26082934,157.5804481
22-12-2024,Economy,New York,0.881815539,40.97496136,33.71045861,11.44245927,56.61983831
23-12-2024,Luxury,Los Angeles,0.723496766,149.7602941,12.58961946,3.615703011,183.2312355
24-12-2024,SUV,Chicago,0.586784619,114.4503429,6.134739267,5.375952301,124.3828723
25-12-2024,Economy,Chicago,0.76620027,131.1316229,26.93172789,3.972891538,166.0388964
26-12-2024,SUV,Chicago,0.829690405,72.4081336,8.050156722,4.937140552,96.28040046
27-12-2024,Luxury,Miami,0.5635744,41.57468054,6.975334948,6.128308987,44.21776593
28-12-2024,SUV,Chicago,0.648129461,121.165647,4.300239688,11.10267574,139.113849
29-12-2024,SUV,Los Angeles,0.473131656,131.7559057,0.187159129,11.75983259,128.2158427
30-12-2024,Luxury,Miami,0.50868961,121.4523745,5.258522441,8.529994945,122.5077482
31-12-2024,SUV,Los Angeles,0.808670712,55.7135316,9.212789939,12.3084156,72.91066709
01-01-2025,SUV,New York,0.508863009,122.8770714,21.95976833,1.631498512,123.966132
02-01-2025,Luxury,New York,0.71509803,124.581506,-2.497406311,1.755764741,151.3787426
03-01-2025,SUV,New York,0.825427757,112.4394567,3.420277587,3.436589207,149.0303769
04-01-2025,Luxury,New York,0.464126154,124.2727526,27.36094561,10.36154996,119.814611
05-01-2025,SUV,Los Angeles,0.740387332,133.0513584,0.876876943,4.279893574,165.0352194
06-01-2025,Luxury,Miami,0.55393767,107.4964526,8.705805861,5.66568807,113.2945608
07-01-2025,Luxury,Miami,0.977756125,49.74651854,29.58635687,8.006256723,73.51322247
08-01-2025,SUV,Chicago,0.690127388,93.63905906,1.197012446,16.23732248,111.4424088
09-01-2025,SUV,Los Angeles,0.88359553,48.54142681,-1.690526575,0.277242718,67.16170115
10-01-2025,SUV,New York,0.730135925,84.82973341,14.3815198,12.9875764,104.3521026
11-01-2025,Economy,Los Angeles,0.42604752,84.7817138,7.096780451,13.37753062,78.51189579
12-01-2025,Economy,Chicago,0.779890825,47.26108286,17.53633458,15.97311561,60.48902634
13-01-2025,Economy,Chicago,0.970842005,78.37025874,27.15219562,18.65505878,115.2702685
14-01-2025,Luxury,Los Angeles,0.760967092,52.20979087,0.485939526,0.402756979,65.83482817
15-01-2025,SUV,Los Angeles,0.891513316,128.9058731,18.22796338,3.07567411,179.3742389
16-01-2025,Luxury,Los Angeles,0.930523878,144.2456829,15.22035042,17.72342588,206.3468936
17-01-2025,Economy,Miami,0.536847863,47.95481228,0.763151441,9.170371244,49.72184464
18-01-2025,SUV,New York,0.527226904,145.0626728,19.95993942,11.29181278,149.0122803
19-01-2025,Luxury,Los Angeles,0.766588593,97.48342593,5.945616714,13.26054407,123.4713953
20-01-2025,SUV,Los Angeles,0.646617082,72.95222457,14.51337274,13.58133209,83.64826686
21-01-2025,Luxury,Los Angeles,0.903916782,48.45482828,-1.709107029,18.63480807,68.02654658
22-01-2025,SUV,Chicago,0.940013874,95.06866949,13.38336229,19.93898835,136.900203
23-01-2025,Economy,Chicago,0.612052828,127.3967099,7.258538722,14.40314922,141.6718715
24-01-2025,Economy,Miami,0.542122335,117.7795125,27.89524845,5.744424184,122.7406606
25-01-2025,SUV,New York,0.868315309,45.52486126,-2.72085092,17.59504805,62.29236461
26-01-2025,Luxury,Miami,0.564883621,48.01920189,11.744291,0.984418291,51.1348616
27-01-2025,Economy,New York,0.893568591,84.31606109,13.33725697,4.621617057,117.5002145
28-01-2025,Economy,Chicago,0.654242952,72.48195435,24.00024305,17.94771435,83.66178496
29-01-2025,Economy,Chicago,0.80052994,65.56227554,17.971503,5.123830289,85.26570224
30-01-2025,SUV,Chicago,0.457321188,70.91049488,21.68849349,4.413021192,67.88411922
31-01-2025,SUV,Miami,0.774315595,128.3831018,26.08197143,2.762505863,163.6005887
01-02-2025,Luxury,Los Angeles,0.671060607,142.2150859,29.48811895,17.18223515,166.5424849
02-02-2025,Luxury,Los Angeles,0.751965078,84.5612964,7.555019869,10.00116518,105.86779
03-02-2025,Luxury,Chicago,0.500808525,139.6722102,16.52090821,13.49786406,139.7851387
04-02-2025,SUV,Los Angeles,0.842124247,75.36452714,28.60432314,4.781327682,101.1485592
05-02-2025,SUV,Los Angeles,0.917678247,92.4080685,34.57804524,15.16080842,131.0049085
06-02-2025,Luxury,Miami,0.53004388,64.86318976,30.58077244,15.2001109,66.81193165
07-02-2025,Luxury,New York,0.457428733,110.4523646,9.858690505,6.251960498,105.7502676
08-02-2025,SUV,Chicago,0.414183152,147.6879227,2.806660689,8.21365266,135.0138106
09-02-2025,Luxury,Chicago,0.7851829,106.3842406,14.5757015,4.193805549,136.7232068
10-02-2025,Economy,Miami,0.764256422,79.35954925,24.66565807,19.53122047,100.3308198
11-02-2025,SUV,Miami,0.728018448,111.2599191,14.70276283,12.91205154,136.6292331
12-02-2025,Luxury,Los Angeles,0.539168258,53.52127463,14.32723453,18.69087761,55.61760971
13-02-2025,SUV,Chicago,0.634543598,137.7524988,28.52921684,6.067710873,156.2862156
14-02-2025,Economy,New York,0.756685801,95.33923459,9.456151163,15.63781826,119.8114624
15-02-2025,SUV,Miami,0.698060115,89.42847162,29.39178699,15.31717288,107.140685
16-02-2025,SUV,New York,0.992671312,104.4451267,11.27219204,13.83311304,155.9022444
17-02-2025,SUV,New York,0.481863852,108.7262249,8.129324227,19.31277951,106.7543499
18-02-2025,SUV,Chicago,0.817086732,47.89533868,13.15959645,7.871106722,63.08231513
19-02-2025,Economy,Chicago,0.642591261,115.0878943,25.49787835,2.614346472,131.4984223
20-02-2025,SUV,Miami,0.656919769,66.61248483,0.040081115,13.43417718,77.06530056
21-02-2025,SUV,Chicago,0.830558659,118.5347896,2.856768635,14.58619601,157.7174907
22-02-2025,Luxury,Chicago,0.815461691,130.4788274,33.05779303,11.50121147,171.6398989
23-02-2025,SUV,Chicago,0.994753596,128.4354358,2.019665095,4.136357863,191.9793296
24-02-2025,Luxury,New York,0.477036574,100.7751064,17.70909272,10.08911883,98.46096468
25-02-2025,Economy,Miami,0.46246579,97.21868815,18.17257867,6.243794731,93.56966146
26-02-2025,Economy,Los Angeles,0.83460329,55.71635575,14.58497848,8.549330563,74.3592317
27-02-2025,Economy,New York,0.74703215,125.2880765,20.78980994,12.90437152,156.2382595
28-02-2025,Economy,Chicago,0.5644964,69.85503185,4.193069032,14.90429485,74.36042992
01-03-2025,Luxury,New York,0.447651621,94.63649651,17.10649071,4.644493818,89.68242936
02-03-2025,SUV,Chicago,0.45139495,71.27015022,9.88693021,8.106507213,67.80606099
03-03-2025,Economy,Chicago,0.936514525,54.72111993,21.46669039,5.38323142,78.60768359
04-03-2025,SUV,New York,0.515120395,109.2513467,0.648941735,3.972632277,110.9032702
05-03-2025,Luxury,Miami,0.594022937,45.97652383,17.83509667,15.6677444,50.29937165
06-03-2025,Luxury,Chicago,0.535993841,122.3509758,2.410814215,18.18505389,126.7548574
07-03-2025,Luxury,Miami,0.612997783,74.93454748,6.145722525,7.404643714,83.40198525
08-03-2025,Economy,Los Angeles,0.441654306,40.01481623,3.748392013,15.02557849,37.68012399
09-03-2025,SUV,Chicago,0.711435875,96.22420532,2.313511195,17.93990579,116.5694543
10-03-2025,SUV,Miami,0.440567538,45.15370994,28.02843806,16.92248421,42.47011379
11-03-2025,SUV,Miami,0.880213905,70.37865136,6.428302706,3.656267771,97.1375932
12-03-2025,Luxury,Los Angeles,0.540227249,117.7674136,32.08495127,19.12583763,122.5048727
13-03-2025,Economy,Miami,0.724007149,46.89585838,33.79706101,7.533528809,57.4008659
14-03-2025,Luxury,Miami,0.928047453,132.3272342,17.8504188,6.784813223,188.9695696
15-03-2025,Luxury,Los Angeles,0.790526421,40.42019149,0.720044907,1.248626546,52.16332508
16-03-2025,SUV,Chicago,0.719774672,67.15062561,9.981929735,9.723473082,81.90863233
17-03-2025,Luxury,Miami,0.594600252,121.4994462,26.90929053,2.180272313,132.9933244
18-03-2025,SUV,Miami,0.599801148,74.78971647,9.695629148,4.970796419,82.25381602
19-03-2025,Economy,Miami,0.801692173,51.20816269,-1.519311268,6.338852435,66.65726457
20-03-2025,SUV,New York,0.996483617,79.62573107,17.27139644,16.17652647,119.158602
21-03-2025,Economy,Los Angeles,0.797103514,69.7432615,28.80483406,17.50977301,90.46422957
22-03-2025,SUV,New York,0.73467005,132.6983092,26.83705549,6.049326349,163.8386282
23-03-2025,Luxury,Los Angeles,0.838390306,74.46827093,2.004925605,17.17396242,99.66761193
24-03-2025,Luxury,Chicago,0.679123367,126.7825719,21.91058458,17.14461875,149.4922931
25-03-2025,Economy,Chicago,0.436085406,138.1059359,3.820170537,15.29301901,129.278951
26-03-2025,Economy,Miami,0.73737809,87.71991615,3.728301382,2.93390228,108.5427023
27-03-2025,Economy,Los Angeles,0.974575171,140.0937458,29.96287093,13.80645694,206.5787592
28-03-2025,SUV,Chicago,0.505181765,81.50498594,4.98675811,18.90048129,81.92732565
29-03-2025,SUV,Los Angeles,0.814002934,146.0486258,5.529893861,13.65080958,191.9083229
30-03-2025,Economy,Chicago,0.520560213,49.8218477,-4.97386437,6.632336982,50.84619551
31-03-2025,Luxury,New York,0.721496611,115.5721193,29.82676137,10.01158635,141.170952
01-04-2025,SUV,Chicago,0.45800587,94.31954445,26.70379253,12.91450087,90.35867722
02-04-2025,SUV,New York,0.670222562,82.6413686,20.0931574,10.21140817,96.70879407
03-04-2025,SUV,Chicago,0.853697997,109.5983067,25.01063056,2.399058835,148.3630082
04-04-2025,Economy,Miami,0.608542915,117.4242801,1.081942697,6.241280893,130.1698537
05-04-2025,Economy,New York,0.798947035,40.47995966,13.33294378,16.04792061,52.58132357
06-04-2025,Economy,Chicago,0.877269976,58.36483976,9.048775494,17.22836092,80.38414149
07-04-2025,Economy,Miami,0.956306692,118.4350656,-1.24893895,2.746000654,172.4777785
08-04-2025,Economy,New York,0.540785249,113.3023955,14.44521941,19.04773505,117.9234619
09-04-2025,Luxury,Miami,0.639589549,146.2652256,31.82958601,6.576452357,166.6823225
10-04-2025,Luxury,Los Angeles,0.491449608,123.7141569,-3.397635238,13.24627477,122.6563524
11-04-2025,Economy,Los Angeles,0.995490101,144.5849979,6.65843654,15.03650292,216.2254331
12-04-2025,SUV,New York,0.956200581,117.2794552,3.301637448,16.23892469,170.7824107
13-04-2025,Economy,Chicago,0.723974278,72.78574295,4.525866147,18.91499404,89.08787719
14-04-2025,Luxury,New York,0.905219977,51.59014145,31.33738208,6.258390961,72.49549736
15-04-2025,Luxury,Miami,0.712574786,126.000625,13.72276217,17.17012909,152.7851809
16-04-2025,SUV,Chicago,0.774151413,110.8564144,13.65197652,2.633738069,141.247857
17-04-2025,Luxury,Los Angeles,0.453474659,45.30046136,25.4230257,14.10081813,43.19284196
18-04-2025,Economy,Chicago,0.853162252,79.60555125,1.17968816,14.83955459,107.719227
19-04-2025,SUV,Los Angeles,0.47662809,145.2479797,14.49061416,13.55446482,141.853257
20-04-2025,Economy,Chicago,0.895640578,95.04412603,12.19940856,5.046294723,132.647439
21-04-2025,Economy,Chicago,0.869216853,87.60020496,18.87642762,17.46086294,119.9436769
22-04-2025,SUV,Chicago,0.825246819,90.34695657,34.98230813,3.377169267,119.7320168
23-04-2025,Economy,Miami,0.421696228,62.97709964,25.77795576,1.07269583,58.04575521
24-04-2025,Luxury,Miami,0.581877014,80.5577888,10.91462812,14.34929981,87.15361996
25-04-2025,Economy,New York,0.557867542,80.67945816,28.10212209,9.509514305,85.34818009
26-04-2025,SUV,New York,0.616081844,45.75905222,1.828334532,16.9819604,51.0708474
27-04-2025,SUV,Los Angeles,0.452585648,124.4324391,-3.781452548,7.667942821,118.5325557
28-04-2025,SUV,Miami,0.962174694,85.81548751,3.177934899,3.36557177,125.4772342
29-04-2025,Economy,Los Angeles,0.732281344,130.4397875,8.616462245,16.72884385,160.7385168
30-04-2025,SUV,New York,0.583314586,133.5382801,15.4232303,10.97819263,144.6639667
01-05-2025,SUV,Los Angeles,0.63818891,63.31934602,19.60516562,3.783915848,72.06937744
02-05-2025,Economy,New York,0.668321524,112.308883,31.42422869,14.40767997,131.2128854
03-05-2025,Luxury,Miami,0.7603566,91.95099846,15.39416038,10.22227277,115.8910478
04-05-2025,Economy,Chicago,0.709407657,136.8172412,15.05102579,12.08625964,165.467819
05-05-2025,SUV,Miami,0.951635184,63.73147471,-2.990279607,9.217966764,92.51485101
06-05-2025,SUV,Los Angeles,0.69817809,114.559452,-3.603537894,16.57417968,137.2626254
07-05-2025,Economy,Los Angeles,0.995294809,106.8527334,17.04639848,16.59125431,159.7763376
08-05-2025,Luxury,Miami,0.910854975,72.48316253,12.52714453,14.18777644,102.2632304
09-05-2025,SUV,Miami,0.525106309,55.0260994,28.5672158,2.108027548,56.40760164
10-05-2025,SUV,New York,0.958357129,111.6803737,1.427183388,16.77707724,162.8698691
11-05-2025,SUV,Los Angeles,0.469819839,121.2457204,-4.001133515,13.42025961,117.586505
12-05-2025,Economy,Los Angeles,0.890469825,74.71900781,12.96155072,13.94048332,103.8945257
13-05-2025,SUV,Miami,0.628373976,110.9315864,4.49914227,7.259656808,125.1723153
14-05-2025,Luxury,Chicago,0.926784592,83.46439984,-3.015425066,17.58559112,119.0857197
15-05-2025,SUV,Los Angeles,0.920834014,118.4527572,23.98393147,14.507432,168.3017064
16-05-2025,SUV,Chicago,0.88355524,61.91368024,-0.536280002,2.251809331,85.66099673
17-05-2025,Luxury,Miami,0.874018262,137.9236503,19.33278,8.155560688,189.5096142
18-05-2025,SUV,Miami,0.582807483,71.61505561,6.241990007,17.72760724,77.54531814
19-05-2025,Economy,New York,0.44855157,80.45645865,1.939842014,0.943934034,76.31710016
20-05-2025,Economy,Los Angeles,0.641788107,46.39011473,10.19006092,19.22833239,52.96768129
21-05-2025,Economy,Chicago,0.504114709,52.26634336,27.05783105,13.58325137,52.48140415
22-05-2025,Luxury,New York,0.816970653,96.7448093,10.68374308,12.62751955,127.4100747
23-05-2025,SUV,Los Angeles,0.607659836,69.43519444,25.03078597,5.41118513,76.91057608
24-05-2025,Economy,New York,0.985366121,131.9028248,0.019451872,4.975835775,195.9239872
25-05-2025,Luxury,Miami,0.784583246,41.61627275,25.91085679,18.84116439,53.45956676
26-05-2025,SUV,Los Angeles,0.893488338,81.70034535,4.477332996,5.965449085,113.8484785
27-05-2025,Luxury,New York,0.479514804,77.10801014,22.0957252,15.51010593,75.52843742
28-05-2025,Economy,New York,0.917208689,42.1260394,17.63126219,7.862435964,59.70138909
29-05-2025,Economy,Chicago,0.953654314,53.68052389,32.16578869,2.785081416,78.03292515
30-05-2025,Economy,New York,0.692237151,85.50069424,10.49290072,0.214305954,101.9371041
31-05-2025,Luxury,Los Angeles,0.763751763,94.21510429,-2.353392447,10.88514674,119.0645041
01-06-2025,Luxury,Los Angeles,0.858885881,84.4718722,-4.233780578,19.51557637,114.7876344
02-06-2025,Economy,Chicago,0.504903176,98.40314463,28.07434244,7.382723876,98.8856326
03-06-2025,Luxury,Los Angeles,0.701539646,105.4644842,15.98942551,7.14384668,126.719759
04-06-2025,Economy,Miami,0.639197817,41.09162032,26.00976207,6.881832357,46.81148416
05-06-2025,Economy,Los Angeles,0.487824395,91.05046754,4.377024,10.41087675,89.94187304
06-06-2025,SUV,Los Angeles,0.620520653,145.9849165,8.803349821,8.813297668,163.579114
07-06-2025,Luxury,New York,0.440903386,97.09355081,-3.795845112,17.59829253,91.35565068
08-06-2025,Economy,New York,0.415487144,114.5296494,33.45969298,10.11041583,104.8504217
09-06-2025,Economy,Los Angeles,0.481099773,74.30502437,21.71471627,10.15515676,72.90064258
10-06-2025,Luxury,Chicago,0.977869067,125.1390516,32.32820351,2.767431894,184.9391334
11-06-2025,SUV,New York,0.729717722,125.021363,5.619856297,19.65479082,153.7409857
12-06-2025,SUV,Chicago,0.979493297,97.34256524,19.45854445,4.999457817,144.0176728
13-06-2025,Economy,Los Angeles,0.659498727,147.3615206,22.13999873,1.467281349,170.8654955
14-06-2025,Luxury,Los Angeles,0.58708968,53.81052362,7.70198801,13.26292498,58.4968649
15-06-2025,SUV,Miami,0.703685118,41.86424314,28.9243694,11.9073274,50.39136643
16-06-2025,Luxury,New York,0.663707013,124.7174033,32.88645852,8.30291308,145.1345169
17-06-2025,Luxury,Los Angeles,0.463398811,128.7871091,30.39420471,8.443844678,124.0733477
18-06-2025,Economy,Miami,0.784495789,53.2227952,24.56267904,15.70127842,68.36445631
19-06-2025,SUV,New York,0.52962291,69.21411163,6.098587189,3.914252802,71.26443499
20-06-2025,Economy,Los Angeles,0.771752773,41.93075997,6.264641684,16.40506638,53.32556026
21-06-2025,SUV,Los Angeles,0.790120655,72.26394719,33.53441282,12.97494228,93.22921091
22-06-2025,SUV,New York,0.491214912,125.0456061,-4.588620163,8.379395476,123.9470695
23-06-2025,SUV,New York,0.436809776,96.97565805,23.64199893,9.160572332,90.84774452
24-06-2025,SUV,New York,0.868456952,78.29051525,23.2498465,5.132944144,107.1371998
25-06-2025,SUV,Los Angeles,0.675880254,80.89132244,19.90758164,15.04228665,95.1185088
26-06-2025,Luxury,Los Angeles,0.434898277,40.14889883,34.60435384,10.25749485,37.53513635
27-06-2025,Economy,Miami,0.99691979,72.97805803,7.475177431,6.417090855,109.2422993
28-06-2025,Luxury,Chicago,0.434668337,111.1104616,8.598874552,11.92100232,103.8514303
29-06-2025,SUV,New York,0.817021137,147.1613888,-1.842423882,19.91468904,193.8146597
30-06-2025,Economy,Los Angeles,0.990207355,133.176691,12.71192546,8.705245593,198.4608844
01-07-2025,SUV,Los Angeles,0.543508063,42.59544611,5.441941049,18.41382802,44.44869144
02-07-2025,Economy,New York,0.485349621,138.8416665,8.735468087,6.900336798,136.8075835
03-07-2025,Luxury,Chicago,0.472830964,126.1518255,28.38287161,1.094654138,122.7244019
04-07-2025,Economy,New York,0.581965089,125.8413736,32.41938054,4.084842127,136.1559729
05-07-2025,Economy,Chicago,0.460627487,90.37953349,2.42932288,8.373902867,86.8210641
06-07-2025,Economy,Los Angeles,0.815296805,83.78058222,9.900357262,4.392698572,110.1963321
07-07-2025,Economy,Chicago,0.437375079,73.32073017,32.14522248,0.004540764,68.72902523
08-07-2025,Economy,Miami,0.705653277,47.22643448,-2.527661572,18.30003075,56.93870549
09-07-2025,SUV,Los Angeles,0.998018112,65.10588998,-1.305578876,16.87758822,97.52980241
10-07-2025,Economy,Miami,0.888382162,67.12639985,1.511639568,14.84584463,93.19709613
11-07-2025,Economy,New York,0.769131663,93.24847767,18.80851337,3.356291913,118.3445955
12-07-2025,Luxury,New York,0.583752172,122.2188847,1.01889084,2.407271524,132.4549818
13-07-2025,Economy,New York,0.774337502,92.11908112,33.72305526,1.352094989,117.3907997
14-07-2025,Luxury,Chicago,0.716224878,46.36288944,12.86858109,14.48058378,56.38769957
15-07-2025,SUV,Los Angeles,0.65565003,145.3568781,15.06071841,18.57615921,167.9816806
16-07-2025,Economy,New York,0.478426226,143.6996751,4.866344632,8.610716418,140.5995308
17-07-2025,Luxury,New York,0.931962529,126.3708497,13.8384101,2.38281344,180.9583216
18-07-2025,Luxury,Los Angeles,0.669870789,149.0460692,21.47654531,10.24785641,174.3646426
19-07-2025,SUV,New York,0.516773507,99.89305661,25.04708548,6.976638149,101.5686135
20-07-2025,Economy,Miami,0.620655611,145.9045185,25.15472331,7.496498487,163.5087173
21-07-2025,Economy,Los Angeles,0.648477852,48.31655447,18.11564451,12.42661248,55.49049267
22-07-2025,Luxury,Los Angeles,0.896522737,80.22488231,31.174391,14.37436227,112.0358722
23-07-2025,Economy,Los Angeles,0.840168628,64.79193948,27.69631389,2.212071977,86.83212466
24-07-2025,Luxury,Miami,0.861582936,61.54163925,25.28192459,0.711804616,83.79404587
25-07-2025,Economy,Los Angeles,0.406618759,55.48832438,-2.775779133,19.88660605,50.30675577
26-07-2025,Luxury,Miami,0.649692399,108.4655006,-4.724881511,4.654566978,124.7019616
27-07-2025,Economy,Los Angeles,0.688806491,125.9454041,3.497891088,1.076610498,149.7247139
28-07-2025,SUV,Chicago,0.411515366,103.6128239,21.54094376,3.797506582,94.44468114
29-07-2025,Economy,New York,0.555887925,56.16589805,11.44789956,0.779156927,59.30489357
30-07-2025,Economy,Chicago,0.856173894,129.2236147,11.09625037,7.836217892,175.2496927
31-07-2025,SUV,New York,0.482265823,109.9550178,30.38347553,16.04803569,108.0050561
01-08-2025,Economy,Miami,0.721186079,82.69822767,30.82251393,6.824888995,100.9899244
02-08-2025,SUV,Chicago,0.529121123,114.1543325,31.36701056,8.883668138,117.4786349
03-08-2025,Economy,Los Angeles,0.407272465,68.58954772,7.555123061,13.51173547,62.22940802
04-08-2025,Luxury,New York,0.544720875,77.97114293,22.64223251,10.1778814,81.45808064
05-08-2025,Luxury,New York,0.985524253,140.9234427,5.865327251,17.22891372,209.345192
06-08-2025,Economy,Chicago,0.880922267,71.95549562,2.624393323,17.3207135,99.36494615
07-08-2025,Economy,Miami,0.975745987,91.6987095,2.385298294,0.19821391,135.3240025
08-08-2025,Economy,Chicago,0.692712426,137.9155251,8.684304835,15.56092613,164.4935606
09-08-2025,Luxury,Miami,0.465841719,117.8493485,12.19830479,9.214672005,113.8238174
10-08-2025,Economy,Miami,0.728775693,46.84235488,28.23796684,19.77681083,57.5587471
11-08-2025,Luxury,New York,0.672626401,56.20333487,-0.204356261,9.664641518,65.90551428
12-08-2025,SUV,Chicago,0.90661425,40.86257498,24.3970339,19.73791891,57.47788025
13-08-2025,Luxury,Chicago,0.458849548,109.4013969,16.25819657,15.09138722,104.89948
14-08-2025,Luxury,Miami,0.692944682,89.2440768,6.517813707,4.972097692,106.4632468
15-08-2025,SUV,Chicago,0.490029199,54.7702336,14.71278338,10.76789959,54.22413049
16-08-2025,Luxury,Los Angeles,0.594805556,145.3727533,6.997682791,19.84271279,159.154898
17-08-2025,Economy,Los Angeles,0.842414246,98.26256963,18.84327821,17.15061216,131.9090734
18-08-2025,Economy,Chicago,0.685610878,66.60826235,12.35375691,1.947337876,78.97148038
19-08-2025,Luxury,Chicago,0.625532971,95.06639283,1.576221163,14.12743994,107.0003596
20-08-2025,Economy,Miami,0.636685767,114.7582366,-0.336677018,6.911591717,130.4440542
21-08-2025,Luxury,Los Angeles,0.675668061,48.38631398,16.86782728,0.139645238,56.88624393
22-08-2025,Economy,Los Angeles,0.871009926,70.21741966,31.09652133,8.069619381,96.26877935
23-08-2025,Economy,New York,0.935250813,128.766204,8.758307462,4.695088434,184.811799
24-08-2025,Luxury,Miami,0.973200812,90.56313574,24.32000429,16.37738541,133.4176851
25-08-2025,Economy,New York,0.872142032,100.1234856,21.3464542,6.746612177,137.383643
26-08-2025,Luxury,Los Angeles,0.589244137,87.60976024,32.26219657,16.55047388,95.42841773
27-08-2025,Economy,Miami,0.812880824,44.82899369,27.83924069,0.011958777,58.85512616
28-08-2025,Economy,Chicago,0.662561874,58.23247578,17.66421036,6.156383001,67.6988562
29-08-2025,SUV,Miami,0.552802373,89.00958026,21.28121993,4.823304286,93.70949734
30-08-2025,SUV,Chicago,0.904522948,63.01040119,30.93545866,4.671347221,88.49955442
31-08-2025,Luxury,Chicago,0.423055809,45.49769315,10.98075138,1.363732395,41.99690998
01-09-2025,SUV,Miami,0.941057195,132.801463,8.071788234,3.742485408,191.3745039
02-09-2025,Luxury,Chicago,0.676886479,147.9311782,-4.567556655,11.1109914,174.0982034
03-09-2025,SUV,New York,0.782320886,127.2457161,28.06204297,5.827221457,163.1698395
04-09-2025,Economy,Los Angeles,0.795612353,133.9163414,27.03922802,8.347895647,173.5036662
05-09-2025,Luxury,Chicago,0.937070644,66.61748433,-0.821819276,7.537337607,95.73403114
06-09-2025,Luxury,New York,0.782001809,145.6689673,18.07429525,17.5180985,186.7478796
07-09-2025,Economy,Chicago,0.768360151,61.66182749,13.55926793,18.10597998,78.20940482
08-09-2025,Luxury,Los Angeles,0.439991224,144.6572791,-0.25163618,9.859139433,135.9765729
09-09-2025,Luxury,New York,0.711044813,149.4301223,34.22272908,6.603119006,180.9665746
10-09-2025,SUV,Los Angeles,0.4901014,118.2895086,3.587835499,2.13601408,117.1186082
11-09-2025,Luxury,Los Angeles,0.842460261,147.9258105,-2.310632796,19.06805759,198.5845222
12-09-2025,Economy,New York,0.707333152,102.6493758,18.79389518,1.204538898,123.9319944
13-09-2025,SUV,New York,0.808136668,68.54959615,24.55466709,5.953005551,89.67224027
14-09-2025,SUV,New York,0.42500374,88.06954742,-3.702262158,5.961324023,81.46466078
15-09-2025,Economy,Miami,0.45087521,105.2917029,21.34870555,6.408025723,100.1192701
16-09-2025,Economy,New York,0.829794033,48.03897182,16.29167504,3.285736865,63.88193807
17-09-2025,SUV,New York,0.443250602,108.4577591,-0.869399645,15.66322862,102.3028465
18-09-2025,Luxury,New York,0.442754037,147.929562,1.900955078,2.449957239,139.4611918
19-09-2025,SUV,New York,0.407265085,60.91184148,17.71897189,12.69813318,55.26318704
20-09-2025,Economy,Chicago,0.973900839,127.1854628,6.854304541,2.476920534,187.4587603
21-09-2025,SUV,Miami,0.842505016,139.8688673,32.53262915,1.410712752,187.7746559
22-09-2025,Economy,Los Angeles,0.611950845,143.8071752,27.74960918,18.18859007,159.90651
23-09-2025,SUV,New York,0.577921349,145.6149165,34.34268826,3.802575326,156.9614272
24-09-2025,Luxury,Chicago,0.609821938,97.36056026,5.386833558,16.42500309,108.0528857
25-09-2025,SUV,Chicago,0.864792119,147.5038699,33.78894531,10.89261742,201.3121191
26-09-2025,SUV,Chicago,0.796822367,123.3041228,12.24935479,1.557130392,159.9035443
27-09-2025,Economy,Los Angeles,0.511117341,57.78385799,8.900751813,19.10896383,58.42626082
28-09-2025,Economy,New York,0.504465601,92.45901171,-2.986018921,4.93922334,92.87189679
29-09-2025,Economy,Miami,0.45903739,119.0164293,-2.889389686,17.19290691,114.1412057
30-09-2025,SUV,Miami,0.796181632,67.20743474,22.68045024,3.376200116,87.11304243
01-10-2025,Luxury,Chicago,0.858623597,110.4676702,13.31715978,17.07885764,150.0839835
02-10-2025,Economy,Los Angeles,0.559027857,113.3260527,4.060865041,0.264576258,120.0154467
03-10-2025,Economy,Los Angeles,0.412566977,57.89697182,19.55881225,10.23560913,52.83486453
04-10-2025,SUV,Los Angeles,0.449303,102.1593844,5.11432473,15.38885159,96.98021011
05-10-2025,Economy,Miami,0.980716021,124.8789602,18.10527017,18.69591035,184.9102771
06-10-2025,Luxury,Chicago,0.577266866,94.8785231,9.368349879,18.18404272,102.2094893
07-10-2025,Luxury,New York,0.861533889,41.33134285,27.94208906,16.39249739,56.27402395
08-10-2025,Economy,Miami,0.774798141,40.9942316,27.82784643,17.76382699,52.25937025
09-10-2025,Economy,Chicago,0.629163784,79.27322784,14.09401592,3.984393717,89.5124579
10-10-2025,SUV,Chicago,0.523412357,141.8813475,9.032764373,5.683685914,145.2031243
11-10-2025,Luxury,New York,0.472831851,65.15444576,9.502391862,5.779370498,63.38432006
12-10-2025,Luxury,New York,0.769007781,109.7800058,27.22858103,7.54107862,139.3116815
13-10-2025,Economy,New York,0.864780268,64.42834578,8.127179312,7.866413408,87.93053504
14-10-2025,SUV,Los Angeles,0.786342552,75.38369886,3.362374948,10.89110649,96.96925958
15-10-2025,Luxury,New York,0.71818128,133.2846299,-1.612466325,3.197595267,162.364841
16-10-2025,Luxury,Chicago,0.425170734,120.1747586,13.66772484,13.82493328,111.1821697
17-10-2025,SUV,New York,0.981093267,50.4939205,14.28528396,3.351330786,74.78620566
18-10-2025,SUV,Chicago,0.879228515,87.15722231,28.63634842,6.206169642,120.2097263
19-10-2025,Luxury,Miami,0.575693222,43.208674,3.849547858,10.06690261,46.47927776
20-10-2025,Luxury,Los Angeles,0.987982198,92.89791613,10.23965095,15.92881123,138.2304454
21-10-2025,SUV,Miami,0.761128954,112.8677413,27.33622956,14.78938466,142.3407765
22-10-2025,Luxury,Miami,0.749453595,53.0352886,27.94494443,12.91068713,66.26513199
23-10-2025,Economy,Chicago,0.848843908,71.77734328,10.38444304,3.115465212,96.81643219
24-10-2025,Economy,Miami,0.887061873,83.76202881,13.36496093,10.94090691,116.1831165
25-10-2025,SUV,Chicago,0.793887164,141.1484127,7.131435634,1.748930036,182.6301195
26-10-2025,SUV,New York,0.476857448,149.2580517,32.30219514,7.547263536,145.8038394
27-10-2025,SUV,New York,0.602960504,44.94024289,-0.25424937,8.270330606,49.56731293
28-10-2025,Economy,Chicago,0.956850184,123.7108716,32.34997692,0.796228789,180.2282061
29-10-2025,Luxury,New York,0.534769367,80.8896473,22.35465807,5.479761989,83.70212915
30-10-2025,Economy,Los Angeles,0.623300214,83.17040049,16.26288611,19.11298935,93.42532869
31-10-2025,Luxury,Miami,0.65924613,122.9691471,-3.693637569,19.07265216,142.5515078
01-11-2025,Economy,Los Angeles,0.663642994,141.0269075,14.02384767,7.046541085,164.1049729
02-11-2025,Luxury,Miami,0.767763749,144.6021454,11.3099242,0.862002179,183.321358
03-11-2025,Economy,New York,0.965845503,103.4834845,1.448752479,3.581898787,151.6908003
04-11-2025,SUV,Los Angeles,0.544415627,79.28332752,21.25638414,7.844355869,82.80474623
05-11-2025,Economy,New York,0.472900826,126.6303994,33.84603629,18.95559396,123.1988202
06-11-2025,Luxury,Miami,0.518482294,67.61015216,17.48755244,2.823981271,68.85974286
07-11-2025,Economy,Chicago,0.93215494,102.0481432,23.59013106,15.27031687,146.1487524
08-11-2025,Economy,Chicago,0.787486488,79.44363077,-2.261981897,2.173650787,102.2826011
09-11-2025,Economy,Los Angeles,0.571544074,112.2294181,11.70667983,19.62515155,120.2587679
10-11-2025,SUV,New York,0.889568163,66.44388042,-0.345660593,7.632329982,92.32830088
11-11-2025,Economy,New York,0.916821998,61.07522403,19.51183342,15.50469078,86.53272093
12-11-2025,SUV,Los Angeles,0.907908603,141.0062995,32.53928633,6.851821656,198.5239822
13-11-2025,SUV,Chicago,0.95135592,51.19840512,21.4711093,12.55337754,74.30710838
14-11-2025,Economy,Miami,0.551344612,95.65536985,-1.927878067,3.840321695,100.5667577
15-11-2025,Economy,Los Angeles,0.853025157,64.29380613,9.186648199,2.920420386,86.99113714
16-11-2025,Economy,Miami,0.676323698,44.28229597,17.02653518,18.76128279,52.09031416
17-11-2025,Luxury,Chicago,0.905199132,43.96207001,11.12831025,18.35294556,61.77546261
18-11-2025,Economy,New York,0.837094406,59.27439493,28.34576042,17.7493788,79.2554619
19-11-2025,SUV,Chicago,0.865868468,135.344739,27.58684019,12.508669,184.8631113
20-11-2025,Economy,Los Angeles,0.793697103,71.07266184,19.4732408,16.16536422,91.94649669
21-11-2025,Luxury,New York,0.506457262,144.5505088,9.938317805,1.380738738,145.4839092
22-11-2025,Economy,Los Angeles,0.727016151,103.9784522,5.213454951,6.695780838,127.5832403
23-11-2025,Luxury,Los Angeles,0.990801844,88.02756087,-0.765027271,6.274062495,131.23165
24-11-2025,Luxury,Chicago,0.96243284,103.8097718,9.195907339,12.71290644,151.8148194
25-11-2025,Economy,Los Angeles,0.425904241,96.83682237,11.52690069,7.119155469,89.66162457
26-11-2025,SUV,Chicago,0.498888889,123.4653879,22.032917,2.970135633,123.3282042
27-11-2025,Luxury,New York,0.479037264,71.07456726,21.32639297,11.92934151,69.58464987
28-11-2025,Economy,Chicago,0.835587946,78.83554308,-2.195674414,16.28767841,105.291801
29-11-2025,Economy,New York,0.890671198,138.3503733,10.81037262,7.642469889,192.3998793
30-11-2025,SUV,Chicago,0.52810682,144.1102164,2.271154689,2.645374302,148.1606963
01-12-2025,Luxury,Miami,0.703511616,138.181405,1.272508213,3.933763946,166.302926
02-12-2025,Luxury,Miami,0.904421817,86.13927934,28.09208599,4.749666103,120.9758832
03-12-2025,Economy,Los Angeles,0.839680927,125.8402053,-3.323391331,5.99795186,168.5857229
04-12-2025,Economy,Chicago,0.725342323,92.39693066,11.76731504,12.85590141,113.2178697
05-12-2025,SUV,Chicago,0.754208614,94.72938374,1.728146231,12.01890969,118.8104091
06-12-2025,SUV,New York,0.705016328,62.514812,30.17320863,13.92159723,75.33136921
07-12-2025,Luxury,Los Angeles,0.578529071,105.0243334,17.28162053,7.250039691,113.2717967
08-12-2025,Luxury,Chicago,0.739013196,60.47494875,4.255225455,16.47995304,74.92925952
09-12-2025,Economy,Los Angeles,0.813331181,76.4721169,15.09709149,4.081753223,100.4332156
10-12-2025,Luxury,Miami,0.92399375,134.0533222,24.25945439,9.38081495,190.8910929
11-12-2025,SUV,Chicago,0.781774812,62.77833901,33.32472036,16.01877443,80.46769371
12-12-2025,SUV,Chicago,0.856672922,47.82741137,3.81784017,3.603172955,64.88615394
13-12-2025,Economy,Los Angeles,0.496042981,47.59083519,30.44727089,2.197262275,47.40251735
14-12-2025,SUV,Chicago,0.676934485,143.4862973,32.37216457,17.67367935,168.8739713
15-12-2025,SUV,Los Angeles,0.405598972,95.76124818,31.65682178,6.858593255,86.7212879
16-12-2025,SUV,Chicago,0.548007319,85.0353279,20.41657427,13.6774025,89.11764599
17-12-2025,SUV,New York,0.835877029,129.1966439,20.19282618,0.506972085,172.5908288
18-12-2025,Economy,Los Angeles,0.995085971,131.9408521,11.12842533,13.80093777,197.2629169
19-12-2025,Economy,Chicago,0.45950686,76.54101364,25.09591529,6.322026231,73.44162764
20-12-2025,Luxury,Miami,0.64089659,116.2979863,16.25176073,1.114817072,132.683976
21-12-2025,SUV,Chicago,0.880042581,124.8235097,22.09752285,12.19625523,172.2617586
22-12-2025,Luxury,Miami,0.522421381,112.0115756,12.13831615,4.816076321,114.5230297
23-12-2025,Economy,Miami,0.73305097,56.67545823,24.25985856,7.736144841,69.88372872
24-12-2025,Economy,New York,0.839842778,136.3471392,27.9788607,1.611616246,182.6837297
25-12-2025,Economy,Los Angeles,0.76959127,99.3004008,0.857450264,2.943265022,126.070922
26-12-2025,Economy,Chicago,0.512814841,71.0719669,28.31718862,5.95954471,71.98274284
27-12-2025,Economy,New York,0.613230741,86.7751004,16.61186127,1.795190011,96.60070933
28-12-2025,Economy,Chicago,0.870275071,44.13281994,28.78663636,18.21652529,60.47410297
29-12-2025,Economy,Miami,0.732535908,54.06534813,12.25206825,0.120940864,66.63748298
30-12-2025,SUV,Los Angeles,0.403137768,124.2101426,10.16161942,9.677204377,112.1788709
31-12-2025,Luxury,Chicago,0.856594456,40.00127982,31.6024293,2.464949163,54.26551444
01-01-2026,Economy,Chicago,0.421186813,85.82224113,5.046770702,6.15358179,79.05831679
02-01-2026,SUV,Miami,0.84744027,97.47611992,28.76849301,18.5211912,131.3432493
03-01-2026,SUV,Chicago,0.521488336,46.0097862,14.3608229,3.233891065,46.99845995
04-01-2026,Luxury,Chicago,0.974844088,147.0385979,15.5638177,19.31664639,216.8590069
05-01-2026,Economy,Miami,0.620764451,64.87378644,7.33873126,4.11588754,72.70823363
06-01-2026,Luxury,New York,0.59615897,73.46185916,17.92168802,14.83132217,80.52587586
07-01-2026,Economy,Miami,0.48933283,73.43367635,8.008447851,10.9335453,72.65034685
08-01-2026,SUV,New York,0.583362529,65.34583283,-3.42922343,17.68957455,70.79322674
09-01-2026,SUV,Los Angeles,0.925990457,40.16212043,5.879944214,11.07986511,57.27080047
10-01-2026,SUV,New York,0.997800603,120.2279273,-4.744838264,10.69118438,180.077462
11-01-2026,SUV,New York,0.620985718,146.353005,34.13419148,3.909160007,164.0596284
12-01-2026,Luxury,Los Angeles,0.669166379,64.67228316,33.62988839,3.324587241,75.6126591
13-01-2026,Economy,New York,0.833242563,112.9351911,10.8062119,18.32978302,150.5700036
14-01-2026,Economy,Miami,0.931717468,121.608596,24.13483417,6.556763977,174.1091511
15-01-2026,Luxury,New York,0.755826601,133.3267917,8.832243936,7.441645099,167.4353316
16-01-2026,Economy,Los Angeles,0.634915419,86.48921167,21.84372628,15.19647317,98.1579399
17-01-2026,SUV,Miami,0.647573105,73.32239962,27.21720172,6.776469648,84.14281376
18-01-2026,Economy,Los Angeles,0.817370888,75.78246474,32.87024979,19.04124893,99.83361286
19-01-2026,SUV,Los Angeles,0.401930958,118.3883466,11.00849103,14.75855538,106.7781149
20-01-2026,Luxury,Chicago,0.771753602,129.8457413,26.33191932,11.94858485,165.1317893
21-01-2026,Economy,Chicago,0.613295806,59.97753645,5.637138025,17.61790321,66.7727398
22-01-2026,Luxury,Los Angeles,0.876518399,80.8035109,34.61329215,0.992118167,111.2275194
23-01-2026,Economy,Los Angeles,0.455794384,139.2134216,-3.969216049,5.141253844,133.0594066
24-01-2026,SUV,Los Angeles,0.75292136,128.7362872,19.14115226,9.300726684,161.296444
25-01-2026,Luxury,Chicago,0.688583734,148.3344243,21.38023927,4.539570789,176.3078839
26-01-2026,Economy,Chicago,0.785395316,122.9673086,22.52182228,14.87810375,158.0616024
27-01-2026,SUV,New York,0.438912157,83.25147211,-0.184496848,18.38416062,78.16581923
28-01-2026,Luxury,New York,0.747990272,104.9701617,32.54119134,8.475402399,131.0017407
29-01-2026,Luxury,Los Angeles,0.736890753,112.711568,2.247331162,6.842652002,139.4118961
30-01-2026,Economy,Miami,0.736396057,48.63013979,19.91013613,19.23101464,60.12611308
31-01-2026,Economy,Miami,0.7620926,99.8946655,3.907043165,8.897048657,126.0763181
01-02-2026,Economy,Chicago,0.805880762,118.0252911,7.288656681,9.780968009,154.1269572
02-02-2026,SUV,Chicago,0.8829934,58.40534344,16.85834167,7.032997447,80.77420449
03-02-2026,Economy,Chicago,0.561892432,125.8694889,11.68773674,18.19096946,133.6598577
04-02-2026,Luxury,Los Angeles,0.895029646,104.2150059,1.409024039,11.37910967,145.3830227
05-02-2026,Luxury,Miami,0.698953409,144.7443964,1.837456097,15.24349174,173.5417876
06-02-2026,Economy,New York,0.446234967,44.6664528,11.72579153,16.23613437,42.26495952
07-02-2026,Economy,Los Angeles,0.435130558,69.18587513,25.29131913,6.836980838,64.69782599
08-02-2026,Luxury,New York,0.600542991,106.1709267,30.91858587,8.673886626,116.8456693
09-02-2026,SUV,New York,0.870938186,72.62159034,-1.63489351,16.96943549,99.55971135
10-02-2026,Economy,Los Angeles,0.824608561,118.586658,10.7241563,7.265107034,157.0809025
11-02-2026,Economy,New York,0.873168979,123.4905811,-0.990177451,15.87870267,169.5734351
12-02-2026,Luxury,Miami,0.710361434,51.27675605,-4.336300775,18.81984645,62.06340797
13-02-2026,Economy,New York,0.664119399,96.52399106,21.46874731,12.46420746,112.3654504
14-02-2026,SUV,Miami,0.488471516,95.97796112,19.09797768,14.83254575,94.87148073
15-02-2026,Luxury,Miami,0.596915652,80.62088472,1.520764553,16.10194624,88.43431034
16-02-2026,Economy,Miami,0.66041162,142.6217349,4.352513324,16.90079298,165.4999184
17-02-2026,Luxury,Chicago,0.453160258,131.0256952,-4.051689854,7.901066757,124.8884854
18-02-2026,Economy,New York,0.532367172,116.693032,28.39788823,1.025269184,120.4700554
19-02-2026,Economy,Los Angeles,0.758935176,118.5759299,33.98762384,8.037525425,149.2794093
20-02-2026,Economy,Los Angeles,0.841397869,90.78877582,0.418381472,13.4751246,121.7838704
21-02-2026,SUV,New York,0.999008507,141.3093973,4.259008551,9.007007716,211.8239887
22-02-2026,SUV,Chicago,0.959867999,116.405497,29.73638096,14.97926302,169.93666
23-02-2026,Luxury,Chicago,0.78553912,120.1879168,32.05855192,7.139648589,154.5062687
24-02-2026,Economy,Miami,0.652748832,134.7859994,11.78509531,12.69488282,155.3744034
25-02-2026,Economy,New York,0.781706419,70.14787483,-2.975101109,3.728396097,89.90898143
26-02-2026,SUV,New York,0.871390971,128.7777994,-3.424326652,14.98738873,176.6047114
27-02-2026,Economy,Los Angeles,0.471001715,61.47646633,17.95799464,10.91391938,59.69375421
28-02-2026,SUV,New York,0.645942934,77.98761475,10.71580436,4.081287771,89.36935604
01-03-2026,Economy,Chicago,0.903881371,76.91714997,-3.853902897,5.83822347,107.982554
02-03-2026,Luxury,New York,0.630299771,147.6378015,18.33009569,14.97217417,166.8749733
03-03-2026,Economy,Los Angeles,0.743123363,134.2190946,-4.547898536,9.652024713,166.8508922
04-03-2026,Economy,Miami,0.752661617,117.1286848,26.49487833,4.320628808,146.7226076
05-03-2026,SUV,Los Angeles,0.510685752,119.9762438,7.257312908,19.34542381,121.2582802
06-03-2026,Economy,Los Angeles,0.617341265,101.8280074,-3.38967988,14.3025004,113.7766346
07-03-2026,Economy,Miami,0.600706773,144.1799734,18.53408884,19.14269665,158.6998733
08-03-2026,SUV,Los Angeles,0.415718025,94.58846282,10.90737658,8.542100907,86.61636037
09-03-2026,Luxury,Los Angeles,0.414515058,81.85694809,33.95201653,9.502006814,74.85941165
10-03-2026,Luxury,New York,0.899018226,57.93388706,16.7679465,17.95910432,81.05056392
11-03-2026,SUV,New York,0.563842486,126.4826217,6.009567241,10.5009868,134.5575868
12-03-2026,SUV,Miami,0.71084726,120.7888325,23.37755459,14.14557824,146.2568269
13-03-2026,SUV,New York,0.579235344,82.27905424,5.859680102,5.04345755,88.79846342
14-03-2026,SUV,New York,0.964407547,42.77127554,31.16973166,8.934529374,62.63457869
15-03-2026,SUV,Los Angeles,0.555578055,132.289706,9.98887882,2.468997316,139.6421106
16-03-2026,Luxury,Chicago,0.657794088,41.25597818,16.99474251,4.119600718,47.76592762
17-03-2026,Luxury,New York,0.92363815,117.4069758,-2.977075847,0.018868305,167.1450498
18-03-2026,SUV,Chicago,0.90516014,146.7282821,12.04484952,0.785301033,206.1767334
19-03-2026,Economy,New York,0.511660851,88.1427461,28.29454159,19.54567646,89.1705655
20-03-2026,SUV,New York,0.881585986,65.84707455,27.22595221,4.847073903,90.97339541
21-03-2026,Economy,Miami,0.674912132,117.5358111,3.972742354,13.26621419,138.0942504
22-03-2026,SUV,Miami,0.689781323,129.8840956,4.04316284,16.78199398,154.5336712
23-03-2026,SUV,Miami,0.480087983,100.1073348,27.69221249,11.01320918,98.11399586
24-03-2026,Luxury,Chicago,0.448360908,146.3738803,32.21593681,3.062890002,138.815266
25-03-2026,Economy,Los Angeles,0.836763584,45.68355938,-1.185563149,14.56232875,61.06811858
26-03-2026,Economy,New York,0.697876691,95.52751581,13.00234558,12.0050282,114.4301846
27-03-2026,Luxury,New York,0.662110422,119.0299342,8.498171159,14.62501179,138.325927
28-03-2026,Luxury,New York,0.837704937,134.8904518,29.82753822,15.39493246,180.4436234
29-03-2026,Luxury,Chicago,0.859307739,59.71811731,-1.659003413,19.50820735,81.17529904
30-03-2026,Luxury,Miami,0.495344901,128.000383,3.445037702,11.4712656,127.4045285
31-03-2026,Economy,Los Angeles,0.76613509,100.7977783,25.0987335,6.832822254,127.6236041
01-04-2026,Economy,Chicago,0.481212449,83.62090502,-2.948246041,12.96929114,82.04987303
02-04-2026,SUV,Miami,0.850825052,54.48865314,14.70141523,1.368814185,73.6046377
03-04-2026,SUV,Chicago,0.794173094,135.1825335,12.68428139,17.94794637,174.9495976
04-04-2026,Luxury,Los Angeles,0.973968773,57.3000529,8.37604716,2.387620227,84.45848865
05-04-2026,Luxury,Miami,0.44137481,74.07666451,10.78289261,6.556856758,69.73390597
06-04-2026,Luxury,Chicago,0.434232833,71.90500852,16.19762348,16.31490761,67.17601979
07-04-2026,SUV,Los Angeles,0.569312245,135.8555438,1.454694336,11.94624757,145.2719965
08-04-2026,SUV,New York,0.55702341,113.9973294,17.87983513,7.872710406,120.4978458
09-04-2026,SUV,Los Angeles,0.548187279,127.6349537,27.21729317,9.468713188,133.7853349
10-04-2026,SUV,New York,0.943752748,67.55146887,25.40643719,17.09094786,97.52761883
11-04-2026,SUV,Chicago,0.54972772,108.736151,1.155996188,6.800087721,114.1433518
12-04-2026,SUV,Miami,0.563169836,102.8920581,0.96997879,17.3929937,109.3917326
13-04-2026,SUV,Miami,0.855638957,131.6113414,5.72697471,1.76268862,178.4174617
14-04-2026,Luxury,Chicago,0.669843905,139.6695767,9.442989054,15.53596874,163.391603
15-04-2026,Luxury,Miami,0.866026334,41.33724486,11.33822326,16.95095266,56.46776506
16-04-2026,Luxury,Miami,0.439219695,114.1421911,22.18788867,3.636353057,107.2045939
17-04-2026,Luxury,New York,0.692542716,45.7019379,-2.732782713,8.606930647,54.50151316
18-04-2026,SUV,Chicago,0.42016816,100.3744532,-3.613091831,3.309995493,92.36137588
19-04-2026,Economy,Los Angeles,0.437591922,71.63960019,10.67642252,14.13208258,67.16871044
20-04-2026,SUV,New York,0.943862472,73.74542595,22.88654769,10.70695536,106.478253
21-04-2026,Economy,Chicago,0.483547223,78.82543538,2.737413718,12.70646693,77.52853804
22-04-2026,Luxury,New York,0.719452409,108.3421694,20.66017925,3.929739339,132.1181195
23-04-2026,SUV,Los Angeles,0.646657362,76.74549622,5.393125518,4.234917241,88.00078821
24-04-2026,Luxury,Los Angeles,0.608405996,120.5968956,30.44344435,0.82994651,133.6703221
25-04-2026,SUV,Chicago,0.939900007,84.49801241,30.82759777,6.441350704,121.6686887
26-04-2026,Luxury,Los Angeles,0.413094038,47.51885203,6.891488171,11.19489323,43.38918049
27-04-2026,Economy,New York,0.798273812,126.2135827,4.199750159,17.15869828,163.8597891
28-04-2026,Economy,Los Angeles,0.978036661,71.43341571,11.45215888,13.33854895,105.5812072
29-04-2026,Economy,New York,0.73610091,87.60435676,4.621263407,8.707926468,108.2878251
30-04-2026,SUV,New York,0.962093477,115.3988272,21.89535373,19.06240229,168.7238725
01-05-2026,Economy,Los Angeles,0.431354728,76.57017729,28.04258738,14.38490401,71.31399661
02-05-2026,SUV,Chicago,0.651275991,46.22442218,21.92368524,18.60330406,53.21706747
03-05-2026,Economy,Miami,0.556094675,81.13131517,27.97401789,10.55175947,85.68234989
04-05-2026,Economy,Los Angeles,0.838492579,143.8893441,10.87968649,5.178085496,192.5948193
05-05-2026,SUV,New York,0.988778254,110.5907837,1.252678828,1.056533727,164.6451539
06-05-2026,SUV,New York,0.553918037,113.8627064,24.5180379,14.52169703,120.00196
07-05-2026,Economy,Los Angeles,0.792504761,109.5510369,9.418980206,2.42605996,141.5952368
08-05-2026,SUV,Chicago,0.51885858,61.88913529,21.85083301,6.055502565,63.05627647
09-05-2026,Economy,Chicago,0.739198153,86.01672505,5.825757679,10.64941816,106.5917668
10-05-2026,SUV,New York,0.678359492,122.6033778,-1.750814608,11.28833176,144.470854
11-05-2026,Luxury,New York,0.983203198,51.15101873,34.70327182,12.01166394,75.86735455
12-05-2026,Luxury,Chicago,0.765116364,70.56380537,1.248060317,3.325106607,89.27142485
13-05-2026,Luxury,Miami,0.609703823,70.39510193,34.53683976,7.594748096,78.11771375
14-05-2026,Luxury,Los Angeles,0.468457471,87.52208204,34.0911973,12.34388454,84.76141422
15-05-2026,Luxury,New York,0.490748097,147.8405615,26.75272416,19.39637729,146.472755
16-05-2026,Economy,New York,0.535190158,47.42528014,21.37691848,14.55262275,49.09418323
17-05-2026,Luxury,Chicago,0.550579997,97.05710938,18.11228201,18.45207514,101.9662577
18-05-2026,Luxury,Los Angeles,0.910369635,59.73011502,29.64406182,15.24424117,84.2415405
19-05-2026,Luxury,Chicago,0.736733673,146.77442,6.577580865,11.83433938,181.5208675
20-05-2026,Luxury,Los Angeles,0.714034547,52.46338552,13.7072485,3.840467383,63.69236246
21-05-2026,SUV,Los Angeles,0.468861323,84.39611026,19.77559877,13.33371304,81.76812705
22-05-2026,Economy,Los Angeles,0.916083816,121.1673483,11.44761903,12.46759132,171.583121
23-05-2026,Luxury,New York,0.833688582,117.5009871,12.09945816,12.04938341,156.7097248
24-05-2026,Luxury,Miami,0.440601017,86.50015006,8.2113867,9.79571736,81.36212913
25-05-2026,Luxury,Chicago,0.824701058,78.11765847,17.56927267,10.57313208,103.4825449
26-05-2026,Economy,Miami,0.72612293,83.73736164,29.02298112,6.688850542,102.6722992
27-05-2026,SUV,Chicago,0.449035207,69.07038895,3.06113512,10.38625385,65.5502309
28-05-2026,Economy,Los Angeles,0.674980385,62.58662326,32.37732155,3.951118114,73.53805469
29-05-2026,SUV,New York,0.690817772,93.13436673,22.56350615,16.10348795,110.9060591
30-05-2026,Luxury,Miami,0.499464724,69.53871317,27.93092851,3.715539094,69.50149077
31-05-2026,Luxury,New York,0.967418888,71.62078314,17.24762771,1.699325798,105.09769
01-06-2026,Economy,Chicago,0.909985223,112.243167,26.18066806,8.724920527,158.2612068
02-06-2026,Economy,New York,0.801413402,146.5391065,-4.351984106,13.16614879,190.7079572
03-06-2026,SUV,New York,0.677377337,106.4000921,27.73521699,8.754336499,125.273057
04-06-2026,SUV,Miami,0.647059325,48.46774138,-3.394445637,5.535082639,55.59537471
05-06-2026,Economy,Los Angeles,0.79058408,48.31419752,30.59653505,11.16342368,62.35353418
06-06-2026,SUV,New York,0.727259122,144.6565543,34.67850989,6.940046708,177.5310758
07-06-2026,Economy,Los Angeles,0.437363864,72.70198693,6.762698487,18.6573538,68.14821536
08-06-2026,SUV,Chicago,0.707501589,50.12736847,3.412742251,18.45290279,60.52887709
09-06-2026,Economy,New York,0.88384217,105.8949046,25.61453455,10.0474364,146.5418346
10-06-2026,Economy,Miami,0.675543927,108.6013656,5.121053637,6.55767988,127.6656758
11-06-2026,Economy,Chicago,0.431173947,111.3355302,29.62249533,14.74264828,103.6727451
12-06-2026,SUV,Chicago,0.87176692,69.41422306,-0.886296314,0.73425887,95.22013495
13-06-2026,SUV,Miami,0.520818269,41.66217526,0.038207855,9.495380121,42.52950965
14-06-2026,SUV,New York,0.555172501,146.1516906,34.1660622,6.726467885,154.2152449
15-06-2026,Economy,New York,0.498823812,67.59823503,21.95355593,18.4107177,67.5187268
16-06-2026,SUV,Chicago,0.598129039,114.3628917,28.87548898,0.240060545,125.5852123
17-06-2026,SUV,New York,0.854050903,117.7292857,7.973175094,11.05629751,159.4114456
18-06-2026,Economy,Los Angeles,0.711631516,107.1008159,22.05934998,14.81327162,129.7667239
19-06-2026,Luxury,Miami,0.522928764,74.41981336,18.76967309,9.70035975,76.12616774
20-06-2026,Economy,Los Angeles,0.926698047,69.82058791,19.1260048,1.708060603,99.61289641
21-06-2026,SUV,New York,0.927749113,105.7435111,22.30129838,19.4492278,150.9752042
22-06-2026,Economy,Chicago,0.922347055,135.2705197,18.01436693,10.36020863,192.4016253
23-06-2026,Luxury,Miami,0.543277727,144.1407102,12.16249477,12.28372489,150.3787925
24-06-2026,Economy,New York,0.670743607,51.64963848,6.036907775,4.732195654,60.46848403
25-06-2026,SUV,New York,0.990993794,57.03114739,25.74325324,9.669961702,85.0330868
26-06-2026,Luxury,Chicago,0.863207486,143.9209885,4.0508972,8.582989839,196.1941688
27-06-2026,SUV,Chicago,0.416300453,121.0188751,22.69417225,1.49791684,110.8896501
28-06-2026,Luxury,Los Angeles,0.439122755,137.1293207,4.333312906,2.123207071,128.7812654
29-06-2026,Luxury,Miami,0.678358826,62.28958975,20.0132068,16.74945039,73.39948786
30-06-2026,Economy,Miami,0.945532124,104.6344458,24.88313069,4.796399044,151.2524527
01-07-2026,Economy,Chicago,0.723221079,117.1253554,3.748555556,3.89916543,143.2702036
02-07-2026,SUV,Los Angeles,0.698687505,114.8123074,-2.602267966,10.09822903,137.6240783
03-07-2026,Economy,Miami,0.46328422,84.896686,0.23894972,15.37494263,81.77963795
04-07-2026,Economy,Chicago,0.794068063,41.69343809,19.23987869,1.238930372,53.95414666
05-07-2026,Luxury,New York,0.893261896,104.1218662,28.97785625,11.53615839,145.0690288
06-07-2026,Economy,Miami,0.628252005,67.84116931,-3.200127151,2.384208857,76.54193526
07-07-2026,Luxury,Los Angeles,0.865367111,89.52796708,24.36605036,0.729221017,122.2385417
08-07-2026,Luxury,Los Angeles,0.978685992,145.3339117,8.652745838,1.054879043,214.9032194
09-07-2026,Luxury,Los Angeles,0.522259875,83.89388494,14.1411348,16.68328216,85.76135237
10-07-2026,SUV,New York,0.713997779,132.3781767,32.15438199,2.359449673,160.7068125
11-07-2026,SUV,Miami,0.572282775,60.73946663,8.278860189,0.903027288,65.12988382
12-07-2026,SUV,Miami,0.875712651,113.9706548,13.61347736,8.757997743,156.7908717
13-07-2026,Luxury,New York,0.74655602,147.470765,-4.45270341,16.87986944,183.8305698
14-07-2026,SUV,Miami,0.780749451,51.2082411,-1.7360512,5.24816753,65.58492665
15-07-2026,SUV,New York,0.878748496,40.91519364,5.343663645,8.434252351,56.41176169
16-07-2026,Economy,New York,0.637582284,87.69410719,-3.885910367,0.798450651,99.75926271
17-07-2026,SUV,New York,0.949054041,50.18880314,20.25501304,8.981570283,72.726288
18-07-2026,SUV,Los Angeles,0.71981732,122.3222785,12.05593427,11.55226161,149.2108339
19-07-2026,Luxury,Miami,0.494772894,140.600353,16.92580811,11.41814108,139.86542
20-07-2026,Luxury,New York,0.817539471,87.742307,1.985887436,6.648533843,115.6039527
21-07-2026,Luxury,Miami,0.87595681,68.45828064,6.837281177,6.310663613,94.19563746
22-07-2026,Luxury,Los Angeles,0.590057006,87.78436509,21.55297899,2.132472379,95.68996221
23-07-2026,Luxury,New York,0.914307554,119.57926,33.61210895,7.335966413,169.1218507
24-07-2026,Luxury,Chicago,0.943685953,40.99595777,-2.983329056,1.989893377,59.18528836
25-07-2026,SUV,Los Angeles,0.566142692,104.8399388,30.61537283,15.33191889,111.7743347
26-07-2026,Luxury,Chicago,0.990112884,107.4620853,18.07524805,19.32548595,160.1306379
27-07-2026,Luxury,Miami,0.484426917,110.1457072,17.55678267,19.40148913,108.4303989
28-07-2026,Economy,Miami,0.521209401,66.6224288,15.01114141,17.30142199,68.03545061
29-07-2026,SUV,Los Angeles,0.510534904,118.5457996,-2.224236564,12.01584299,119.7946681
30-07-2026,SUV,Miami,0.936393826,50.0530635,-1.404925931,14.01731394,71.89591138
31-07-2026,SUV,Chicago,0.792575531,61.91973701,19.03648023,5.704116054,80.03593697
01-08-2026,Luxury,New York,0.49126257,136.5217051,8.638342857,12.6154084,135.3288563
02-08-2026,Luxury,New York,0.664194051,121.2595466,31.69072266,9.112990989,141.1696428
03-08-2026,Luxury,New York,0.769178815,41.51201094,11.26362149,9.640346796,52.68616486
04-08-2026,Economy,Los Angeles,0.450078451,67.32138864,0.731258348,15.15553121,63.96060064
05-08-2026,Luxury,Miami,0.929449821,63.58471313,23.58875334,5.638367112,90.8911568
06-08-2026,Economy,Chicago,0.882162121,69.78869608,6.734136858,6.360792234,96.45929222
07-08-2026,SUV,Miami,0.703124064,67.23157473,16.01881229,18.49283582,80.88792543
08-08-2026,Luxury,Miami,0.980275969,46.87789253,22.91331142,1.124485897,69.3922178
09-08-2026,Economy,Miami,0.650656588,90.48345683,31.01056445,9.712685968,104.1153857
10-08-2026,Economy,New York,0.990466191,120.6006822,26.68764779,18.25601601,179.7512395
11-08-2026,Luxury,Chicago,0.800751999,106.7404897,22.05444271,12.20726016,138.8429054
12-08-2026,SUV,Chicago,0.780802764,114.0158835,22.1853273,10.92814148,146.0318588
13-08-2026,SUV,Miami,0.499572937,48.92640964,32.83698576,4.994883585,48.90551499
14-08-2026,SUV,New York,0.929156655,144.6639781,6.8329639,6.865509781,206.7474871
15-08-2026,Economy,New York,0.656493813,132.2341017,-4.955516232,17.04096832,152.9279205
16-08-2026,Economy,Chicago,0.497340043,128.559935,5.878182376,11.18436264,128.2179712
17-08-2026,Economy,New York,0.407564512,130.5282186,3.715655185,10.29484388,118.462779
18-08-2026,Economy,New York,0.73585341,142.5981559,21.4733834,1.991594271,176.2304172
19-08-2026,SUV,New York,0.716439773,99.86793627,20.34846399,0.320563129,121.4833298
20-08-2026,Luxury,Los Angeles,0.831612173,62.03102197,18.73845531,19.27370377,82.60126398
21-08-2026,Economy,Miami,0.934154832,107.8461969,-4.350262272,7.539723346,154.6681443
22-08-2026,Economy,Chicago,0.447643951,121.7169643,24.15112218,12.06426124,115.3443449
23-08-2026,SUV,Chicago,0.838897894,121.1709133,7.941216499,1.594301464,162.2354806
24-08-2026,Luxury,Los Angeles,0.512447166,97.35939266,21.60223956,13.66228571,98.57124123
25-08-2026,Luxury,Miami,0.914906232,47.53045913,17.26313714,18.65133417,67.25114282
26-08-2026,SUV,Chicago,0.891438108,80.82242323,8.709237017,11.51330506,112.4593997
27-08-2026,SUV,New York,0.724476253,141.2843269,0.383050684,2.522306448,172.9993032
28-08-2026,Luxury,Chicago,0.826145679,104.2893801,-1.223244094,11.63443055,138.3029108
29-08-2026,Economy,New York,0.588610068,99.21651376,28.26073332,15.32694426,108.0080958
30-08-2026,Luxury,Los Angeles,0.682700739,69.57388658,31.73590168,8.128330731,82.2850871
31-08-2026,SUV,New York,0.892982139,80.52938119,20.99152187,17.59675496,112.1759896
01-09-2026,Economy,Chicago,0.675559118,138.4880698,-0.862635406,12.97365907,162.8009132
02-09-2026,Economy,Chicago,0.614678959,113.3109352,11.08108868,17.98497837,126.3053153
03-09-2026,SUV,Chicago,0.696527468,126.6125729,24.157568,12.47010622,151.4954214
04-09-2026,SUV,Los Angeles,0.896949551,89.97799654,26.19283536,2.62575944,125.6947219
05-09-2026,SUV,Los Angeles,0.601124828,109.3271941,-0.271255108,6.193834222,120.3828879
06-09-2026,Luxury,Miami,0.504256956,67.32219696,-4.998771246,4.035898965,67.60878458
07-09-2026,Luxury,Chicago,0.827208412,117.6006913,23.48548184,18.17652995,156.0806268
08-09-2026,Economy,New York,0.895586928,87.03614671,9.263847039,15.20800135,121.4665086
09-09-2026,SUV,Los Angeles,0.460382487,88.68000663,5.179253265,13.52796738,85.16672532
10-09-2026,Economy,Chicago,0.543924468,111.4254557,-4.484101208,6.019326393,116.3197595
11-09-2026,Economy,Chicago,0.485183194,142.9908684,16.61197627,3.680895441,140.8722004
12-09-2026,Economy,Los Angeles,0.608764847,47.04069813,29.04602942,15.12902176,52.15707246
13-09-2026,Economy,Miami,0.670210587,130.7217561,33.30526585,9.483158918,152.971983
14-09-2026,SUV,Los Angeles,0.849295802,72.16214215,17.62979802,4.515791043,97.36807547
15-09-2026,Economy,Los Angeles,0.790688551,88.83114,15.57845311,12.33243956,114.6533354
16-09-2026,SUV,New York,0.77255714,42.41046617,-1.59774458,0.806677043,53.96974155
17-09-2026,SUV,New York,0.611424968,73.11506856,16.95491206,6.523405083,81.26191273
18-09-2026,Luxury,Miami,0.904868532,95.28943669,10.19916316,9.371139892,133.869131
19-09-2026,SUV,Chicago,0.6827723,46.17936851,19.28541124,2.959166682,54.61967792
20-09-2026,Luxury,Los Angeles,0.987462963,94.02053023,10.54905392,19.69308955,139.8520565
21-09-2026,SUV,Miami,0.780485283,141.9821692,4.611964938,4.181947292,181.8060781
22-09-2026,SUV,New York,0.475758845,51.59325399,-1.201388991,2.607062601,50.34257392
23-09-2026,SUV,Los Angeles,0.805706537,124.0884801,7.596737784,4.070697478,162.0231396
24-09-2026,Luxury,Chicago,0.595062409,85.06381587,-1.134206628,15.38122266,93.15018715
25-09-2026,Luxury,New York,0.811796318,112.0691086,2.075878033,8.510113185,147.011844
26-09-2026,Economy,New York,0.441784689,68.62602578,34.49344634,11.3083188,64.63094034
